-- Person Table
INSERT INTO F23_S001_T3_Person (SSN, Name, DOB, Gender) VALUES ('120-17-2055', 'Atharva Patil', TO_DATE('1977-07-01', 'YYYY-MM-DD'), 'Male');
INSERT INTO F23_S001_T3_Person (SSN, Name, DOB, Gender) VALUES ('611-95-6018', 'Shraddha Jathar', TO_DATE('1993-11-18', 'YYYY-MM-DD'), 'Female');
INSERT INTO F23_S001_T3_Person (SSN, Name, DOB, Gender) VALUES ('847-11-4219', 'Pratik Sonwane', TO_DATE('1952-03-18', 'YYYY-MM-DD'), 'Female');
INSERT INTO F23_S001_T3_Person (SSN, Name, DOB, Gender) VALUES ('813-17-4586', 'Rutujeet Falmare', TO_DATE('1973-10-25', 'YYYY-MM-DD'), 'Female');
INSERT INTO F23_S001_T3_Person (SSN, Name, DOB, Gender) VALUES ('919-55-1989', 'Juan Zuniga', TO_DATE('1959-03-18', 'YYYY-MM-DD'), 'Male');
INSERT INTO F23_S001_T3_Person (SSN, Name, DOB, Gender) VALUES ('675-18-1093', 'Reilly Coffey', TO_DATE('1990-11-21', 'YYYY-MM-DD'), 'Female');
INSERT INTO F23_S001_T3_Person (SSN, Name, DOB, Gender) VALUES ('112-11-6534', 'Malaki Rojas', TO_DATE('1972-11-05', 'YYYY-MM-DD'), 'Male');
INSERT INTO F23_S001_T3_Person (SSN, Name, DOB, Gender) VALUES ('367-53-8330', 'Raquel Walters', TO_DATE('1964-12-18', 'YYYY-MM-DD'), 'Female');
INSERT INTO F23_S001_T3_Person (SSN, Name, DOB, Gender) VALUES ('414-58-6165', 'Madison Daniel', TO_DATE('1955-02-15', 'YYYY-MM-DD'), 'Male');
INSERT INTO F23_S001_T3_Person (SSN, Name, DOB, Gender) VALUES ('362-25-2659', 'Belinda Rocha', TO_DATE('1982-07-30', 'YYYY-MM-DD'), 'Male');
INSERT INTO F23_S001_T3_Person (SSN, Name, DOB, Gender) VALUES ('293-46-2505', 'Waylon Stephenson', TO_DATE('1965-11-27', 'YYYY-MM-DD'), 'Female');
INSERT INTO F23_S001_T3_Person (SSN, Name, DOB, Gender) VALUES ('592-26-9965', 'Brent Sellers', TO_DATE('1963-10-30', 'YYYY-MM-DD'), 'Female');
INSERT INTO F23_S001_T3_Person (SSN, Name, DOB, Gender) VALUES ('783-70-4788', 'Samuel Jacobson', TO_DATE('1993-04-05', 'YYYY-MM-DD'), 'Female');
INSERT INTO F23_S001_T3_Person (SSN, Name, DOB, Gender) VALUES ('267-88-7656', 'Mathias Clayton', TO_DATE('1984-06-24', 'YYYY-MM-DD'), 'Male');
INSERT INTO F23_S001_T3_Person (SSN, Name, DOB, Gender) VALUES ('383-16-6795', 'Evelin Pacheco', TO_DATE('1960-04-09', 'YYYY-MM-DD'), 'Female');
INSERT INTO F23_S001_T3_Person (SSN, Name, DOB, Gender) VALUES ('306-50-6321', 'Mohamed Sampson', TO_DATE('1995-04-25', 'YYYY-MM-DD'), 'Female');
INSERT INTO F23_S001_T3_Person (SSN, Name, DOB, Gender) VALUES ('772-70-7452', 'Laci Anthony', TO_DATE('1962-09-02', 'YYYY-MM-DD'), 'Male');
INSERT INTO F23_S001_T3_Person (SSN, Name, DOB, Gender) VALUES ('767-46-8362', 'Gavyn Mack', TO_DATE('1964-09-04', 'YYYY-MM-DD'), 'Female');
INSERT INTO F23_S001_T3_Person (SSN, Name, DOB, Gender) VALUES ('208-93-1174', 'Branson Proctor', TO_DATE('1971-06-09', 'YYYY-MM-DD'), 'Male');
INSERT INTO F23_S001_T3_Person (SSN, Name, DOB, Gender) VALUES ('777-96-1268', 'Nicolas Conley', TO_DATE('1969-01-29', 'YYYY-MM-DD'), 'Male');
INSERT INTO F23_S001_T3_Person (SSN, Name, DOB, Gender) VALUES ('394-29-6180', 'Selah Navarro', TO_DATE('1964-07-21', 'YYYY-MM-DD'), 'Female');
INSERT INTO F23_S001_T3_Person (SSN, Name, DOB, Gender) VALUES ('197-62-2646', 'Konnor Scott', TO_DATE('1961-10-30', 'YYYY-MM-DD'), 'Male');
INSERT INTO F23_S001_T3_Person (SSN, Name, DOB, Gender) VALUES ('736-36-9586', 'Karter Johnston', TO_DATE('1999-09-02', 'YYYY-MM-DD'), 'Female');
INSERT INTO F23_S001_T3_Person (SSN, Name, DOB, Gender) VALUES ('774-61-7893', 'Khloe Saunders', TO_DATE('1965-09-29', 'YYYY-MM-DD'), 'Male');
INSERT INTO F23_S001_T3_Person (SSN, Name, DOB, Gender) VALUES ('550-51-5535', 'Hazel Chase', TO_DATE('1965-08-11', 'YYYY-MM-DD'), 'Female');
INSERT INTO F23_S001_T3_Person (SSN, Name, DOB, Gender) VALUES ('177-59-5686', 'Justice Hardy', TO_DATE('1981-06-27', 'YYYY-MM-DD'), 'Male');
INSERT INTO F23_S001_T3_Person (SSN, Name, DOB, Gender) VALUES ('813-80-9677', 'Saniyah Green', TO_DATE('1980-12-06', 'YYYY-MM-DD'), 'Male');
INSERT INTO F23_S001_T3_Person (SSN, Name, DOB, Gender) VALUES ('297-69-5959', 'Reese Knight', TO_DATE('1967-07-18', 'YYYY-MM-DD'), 'Male');
INSERT INTO F23_S001_T3_Person (SSN, Name, DOB, Gender) VALUES ('101-71-7281', 'Malachi Ford', TO_DATE('1980-06-23', 'YYYY-MM-DD'), 'Female');
INSERT INTO F23_S001_T3_Person (SSN, Name, DOB, Gender) VALUES ('903-28-8407', 'Joshua Huynh', TO_DATE('1962-04-13', 'YYYY-MM-DD'), 'Male');
INSERT INTO F23_S001_T3_Person (SSN, Name, DOB, Gender) VALUES ('896-63-9260', 'Melanie Cooke', TO_DATE('1951-01-25', 'YYYY-MM-DD'), 'Male');
INSERT INTO F23_S001_T3_Person (SSN, Name, DOB, Gender) VALUES ('959-78-4364', 'Cornelius Liu', TO_DATE('1957-12-08', 'YYYY-MM-DD'), 'Female');
INSERT INTO F23_S001_T3_Person (SSN, Name, DOB, Gender) VALUES ('357-85-1099', 'Anabella Choi', TO_DATE('1980-08-27', 'YYYY-MM-DD'), 'Female');
INSERT INTO F23_S001_T3_Person (SSN, Name, DOB, Gender) VALUES ('178-14-2066', 'Hunter Hickman', TO_DATE('1961-07-06', 'YYYY-MM-DD'), 'Male');
INSERT INTO F23_S001_T3_Person (SSN, Name, DOB, Gender) VALUES ('545-21-7681', 'Averi Andersen', TO_DATE('1972-03-13', 'YYYY-MM-DD'), 'Female');
INSERT INTO F23_S001_T3_Person (SSN, Name, DOB, Gender) VALUES ('712-40-3344', 'Hayley Reid', TO_DATE('1993-05-19', 'YYYY-MM-DD'), 'Female');
INSERT INTO F23_S001_T3_Person (SSN, Name, DOB, Gender) VALUES ('349-55-1817', 'Sherlyn Gould', TO_DATE('1951-07-22', 'YYYY-MM-DD'), 'Male');
INSERT INTO F23_S001_T3_Person (SSN, Name, DOB, Gender) VALUES ('327-66-3919', 'Alyson Lin', TO_DATE('1982-01-01', 'YYYY-MM-DD'), 'Female');
INSERT INTO F23_S001_T3_Person (SSN, Name, DOB, Gender) VALUES ('385-77-6195', 'Kelvin Griffin', TO_DATE('1977-07-12', 'YYYY-MM-DD'), 'Male');
INSERT INTO F23_S001_T3_Person (SSN, Name, DOB, Gender) VALUES ('844-54-1403', 'Donte Salazar', TO_DATE('1950-12-02', 'YYYY-MM-DD'), 'Male');
INSERT INTO F23_S001_T3_Person (SSN, Name, DOB, Gender) VALUES ('746-70-5119', 'Lexie Hogan', TO_DATE('1992-09-22', 'YYYY-MM-DD'), 'Male');
INSERT INTO F23_S001_T3_Person (SSN, Name, DOB, Gender) VALUES ('695-19-3401', 'Sam Bass', TO_DATE('1977-06-02', 'YYYY-MM-DD'), 'Male');
INSERT INTO F23_S001_T3_Person (SSN, Name, DOB, Gender) VALUES ('996-23-9548', 'Macy Dunn', TO_DATE('1994-04-27', 'YYYY-MM-DD'), 'Male');
INSERT INTO F23_S001_T3_Person (SSN, Name, DOB, Gender) VALUES ('115-89-4866', 'Marcelo Stokes', TO_DATE('1974-10-04', 'YYYY-MM-DD'), 'Female');
INSERT INTO F23_S001_T3_Person (SSN, Name, DOB, Gender) VALUES ('779-65-2130', 'Jayvon Gallagher', TO_DATE('1977-07-25', 'YYYY-MM-DD'), 'Female');
INSERT INTO F23_S001_T3_Person (SSN, Name, DOB, Gender) VALUES ('326-22-1632', 'Aliza Martinez', TO_DATE('1965-09-24', 'YYYY-MM-DD'), 'Female');
INSERT INTO F23_S001_T3_Person (SSN, Name, DOB, Gender) VALUES ('922-88-7169', 'Maximilian Cantrell', TO_DATE('1997-04-18', 'YYYY-MM-DD'), 'Female');
INSERT INTO F23_S001_T3_Person (SSN, Name, DOB, Gender) VALUES ('742-18-6138', 'Selena Kaiser', TO_DATE('1962-04-08', 'YYYY-MM-DD'), 'Female');
INSERT INTO F23_S001_T3_Person (SSN, Name, DOB, Gender) VALUES ('190-96-9550', 'Danika Meadows', TO_DATE('1996-10-13', 'YYYY-MM-DD'), 'Male');
INSERT INTO F23_S001_T3_Person (SSN, Name, DOB, Gender) VALUES ('731-71-5958', 'Lara Barker', TO_DATE('1954-06-28', 'YYYY-MM-DD'), 'Male');
INSERT INTO F23_S001_T3_Person (SSN, Name, DOB, Gender) VALUES ('616-22-3177', 'Kane Foley', TO_DATE('1971-05-19', 'YYYY-MM-DD'), 'Male');
INSERT INTO F23_S001_T3_Person (SSN, Name, DOB, Gender) VALUES ('515-41-8973', 'Nico Higgins', TO_DATE('1961-08-09', 'YYYY-MM-DD'), 'Female');
INSERT INTO F23_S001_T3_Person (SSN, Name, DOB, Gender) VALUES ('856-41-6948', 'Paul Lynn', TO_DATE('1992-05-06', 'YYYY-MM-DD'), 'Female');
INSERT INTO F23_S001_T3_Person (SSN, Name, DOB, Gender) VALUES ('555-20-4871', 'Jakob Gilmore', TO_DATE('1957-08-09', 'YYYY-MM-DD'), 'Female');
INSERT INTO F23_S001_T3_Person (SSN, Name, DOB, Gender) VALUES ('898-30-7029', 'Yadiel Hampton', TO_DATE('1983-05-09', 'YYYY-MM-DD'), 'Female');
INSERT INTO F23_S001_T3_Person (SSN, Name, DOB, Gender) VALUES ('861-18-9583', 'Madalyn Mills', TO_DATE('1955-05-13', 'YYYY-MM-DD'), 'Female');
INSERT INTO F23_S001_T3_Person (SSN, Name, DOB, Gender) VALUES ('462-21-5403', 'Cayden Mooney', TO_DATE('1962-07-16', 'YYYY-MM-DD'), 'Female');
INSERT INTO F23_S001_T3_Person (SSN, Name, DOB, Gender) VALUES ('182-64-9945', 'Milagros Miller', TO_DATE('1978-11-01', 'YYYY-MM-DD'), 'Male');
INSERT INTO F23_S001_T3_Person (SSN, Name, DOB, Gender) VALUES ('336-39-5891', 'Brynn Oliver', TO_DATE('1997-02-17', 'YYYY-MM-DD'), 'Female');
INSERT INTO F23_S001_T3_Person (SSN, Name, DOB, Gender) VALUES ('153-55-9650', 'Willow Rose', TO_DATE('1964-10-31', 'YYYY-MM-DD'), 'Male');
INSERT INTO F23_S001_T3_Person (SSN, Name, DOB, Gender) VALUES ('203-42-6454', 'India Todd', TO_DATE('1990-12-08', 'YYYY-MM-DD'), 'Male');
INSERT INTO F23_S001_T3_Person (SSN, Name, DOB, Gender) VALUES ('230-41-9874', 'Alan Mccoy', TO_DATE('1952-12-06', 'YYYY-MM-DD'), 'Female');
INSERT INTO F23_S001_T3_Person (SSN, Name, DOB, Gender) VALUES ('259-80-6127', 'Savanna Dalton', TO_DATE('1954-12-01', 'YYYY-MM-DD'), 'Male');
INSERT INTO F23_S001_T3_Person (SSN, Name, DOB, Gender) VALUES ('858-47-9032', 'Patience Duke', TO_DATE('1970-06-10', 'YYYY-MM-DD'), 'Female');
INSERT INTO F23_S001_T3_Person (SSN, Name, DOB, Gender) VALUES ('394-87-8125', 'Jayden Griffith', TO_DATE('1985-12-23', 'YYYY-MM-DD'), 'Male');
INSERT INTO F23_S001_T3_Person (SSN, Name, DOB, Gender) VALUES ('200-27-7463', 'Madilyn Gonzalez', TO_DATE('1984-11-29', 'YYYY-MM-DD'), 'Male');
INSERT INTO F23_S001_T3_Person (SSN, Name, DOB, Gender) VALUES ('420-11-3493', 'Clayton Mosley', TO_DATE('1959-07-10', 'YYYY-MM-DD'), 'Male');
INSERT INTO F23_S001_T3_Person (SSN, Name, DOB, Gender) VALUES ('429-29-3953', 'Molly Ayers', TO_DATE('1983-04-14', 'YYYY-MM-DD'), 'Female');
INSERT INTO F23_S001_T3_Person (SSN, Name, DOB, Gender) VALUES ('250-71-4957', 'Gabrielle Herring', TO_DATE('1985-05-03', 'YYYY-MM-DD'), 'Female');
INSERT INTO F23_S001_T3_Person (SSN, Name, DOB, Gender) VALUES ('775-66-3546', 'Jaycee Riggs', TO_DATE('1990-04-09', 'YYYY-MM-DD'), 'Male');
INSERT INTO F23_S001_T3_Person (SSN, Name, DOB, Gender) VALUES ('264-41-1730', 'Laci Rosario', TO_DATE('1997-04-30', 'YYYY-MM-DD'), 'Female');
INSERT INTO F23_S001_T3_Person (SSN, Name, DOB, Gender) VALUES ('808-49-6844', 'Dulce Wilkinson', TO_DATE('1989-06-09', 'YYYY-MM-DD'), 'Female');
INSERT INTO F23_S001_T3_Person (SSN, Name, DOB, Gender) VALUES ('724-93-2217', 'Emily Galvan', TO_DATE('1952-05-08', 'YYYY-MM-DD'), 'Female');
INSERT INTO F23_S001_T3_Person (SSN, Name, DOB, Gender) VALUES ('362-58-8446', 'Brady Parsons', TO_DATE('1994-07-10', 'YYYY-MM-DD'), 'Female');



--Passenger Table
INSERT INTO F23_S001_T3_Passenger (PASSID, SSN, PHONE, HOMEZIPCODE) VALUES ('PASS_1050', '120-17-2055', '7515065387', '26494');
INSERT INTO F23_S001_T3_Passenger (PASSID, SSN, PHONE, HOMEZIPCODE) VALUES ('PASS_4736', '611-95-6018', '4113990787', '67781');
INSERT INTO F23_S001_T3_Passenger (PASSID, SSN, PHONE, HOMEZIPCODE) VALUES ('PASS_7094', '847-11-4219', '6001714355', '77077');
INSERT INTO F23_S001_T3_Passenger (PASSID, SSN, PHONE, HOMEZIPCODE) VALUES ('PASS_4997', '813-17-4586', '0194336051', '89697');
INSERT INTO F23_S001_T3_Passenger (PASSID, SSN, PHONE, HOMEZIPCODE) VALUES ('PASS_9585', '919-55-1989', '8906993559', '56282');
INSERT INTO F23_S001_T3_Passenger (PASSID, SSN, PHONE, HOMEZIPCODE) VALUES ('PASS_4533', '675-18-1093', '7611609307', '75153');
INSERT INTO F23_S001_T3_Passenger (PASSID, SSN, PHONE, HOMEZIPCODE) VALUES ('PASS_2484', '112-11-6534', '6648274222', '66837');
INSERT INTO F23_S001_T3_Passenger (PASSID, SSN, PHONE, HOMEZIPCODE) VALUES ('PASS_7603', '367-53-8330', '3088631768', '68002');
INSERT INTO F23_S001_T3_Passenger (PASSID, SSN, PHONE, HOMEZIPCODE) VALUES ('PASS_4065', '414-58-6165', '0250356376', '38775');
INSERT INTO F23_S001_T3_Passenger (PASSID, SSN, PHONE, HOMEZIPCODE) VALUES ('PASS_7991', '362-25-2659', '9126196004', '20338');
INSERT INTO F23_S001_T3_Passenger (PASSID, SSN, PHONE, HOMEZIPCODE) VALUES ('PASS_4745', '293-46-2505', '6740143843', '95738');
INSERT INTO F23_S001_T3_Passenger (PASSID, SSN, PHONE, HOMEZIPCODE) VALUES ('PASS_6240', '592-26-9965', '2407136795', '38676');
INSERT INTO F23_S001_T3_Passenger (PASSID, SSN, PHONE, HOMEZIPCODE) VALUES ('PASS_4578', '783-70-4788', '1226037558', '39835');
INSERT INTO F23_S001_T3_Passenger (PASSID, SSN, PHONE, HOMEZIPCODE) VALUES ('PASS_1371', '267-88-7656', '7415423676', '42498');
INSERT INTO F23_S001_T3_Passenger (PASSID, SSN, PHONE, HOMEZIPCODE) VALUES ('PASS_6649', '383-16-6795', '5661805647', '86816');
INSERT INTO F23_S001_T3_Passenger (PASSID, SSN, PHONE, HOMEZIPCODE) VALUES ('PASS_8888', '306-50-6321', '6492707630', '79322');
INSERT INTO F23_S001_T3_Passenger (PASSID, SSN, PHONE, HOMEZIPCODE) VALUES ('PASS_3668', '772-70-7452', '7288519701', '23886');
INSERT INTO F23_S001_T3_Passenger (PASSID, SSN, PHONE, HOMEZIPCODE) VALUES ('PASS_9877', '767-46-8362', '2779490418', '59687');
INSERT INTO F23_S001_T3_Passenger (PASSID, SSN, PHONE, HOMEZIPCODE) VALUES ('PASS_5167', '208-93-1174', '1857356173', '18454');
INSERT INTO F23_S001_T3_Passenger (PASSID, SSN, PHONE, HOMEZIPCODE) VALUES ('PASS_4349', '777-96-1268', '8671469602', '95430');
INSERT INTO F23_S001_T3_Passenger (PASSID, SSN, PHONE, HOMEZIPCODE) VALUES ('PASS_7315', '394-29-6180', '7185302498', '42271');
INSERT INTO F23_S001_T3_Passenger (PASSID, SSN, PHONE, HOMEZIPCODE) VALUES ('PASS_7185', '197-62-2646', '2571320297', '92082');
INSERT INTO F23_S001_T3_Passenger (PASSID, SSN, PHONE, HOMEZIPCODE) VALUES ('PASS_2201', '736-36-9586', '3352766688', '35183');
INSERT INTO F23_S001_T3_Passenger (PASSID, SSN, PHONE, HOMEZIPCODE) VALUES ('PASS_6728', '774-61-7893', '3225161514', '86877');
INSERT INTO F23_S001_T3_Passenger (PASSID, SSN, PHONE, HOMEZIPCODE) VALUES ('PASS_9706', '550-51-5535', '3708335740', '98736');
INSERT INTO F23_S001_T3_Passenger (PASSID, SSN, PHONE, HOMEZIPCODE) VALUES ('PASS_1476', '177-59-5686', '9853575148', '90871');
INSERT INTO F23_S001_T3_Passenger (PASSID, SSN, PHONE, HOMEZIPCODE) VALUES ('PASS_1009', '813-80-9677', '8129587043', '29025');
INSERT INTO F23_S001_T3_Passenger (PASSID, SSN, PHONE, HOMEZIPCODE) VALUES ('PASS_7896', '297-69-5959', '0904184188', '43798');
INSERT INTO F23_S001_T3_Passenger (PASSID, SSN, PHONE, HOMEZIPCODE) VALUES ('PASS_8431', '101-71-7281', '5317594346', '84492');
INSERT INTO F23_S001_T3_Passenger (PASSID, SSN, PHONE, HOMEZIPCODE) VALUES ('PASS_7036', '903-28-8407', '8998729467', '36107');
INSERT INTO F23_S001_T3_Passenger (PASSID, SSN, PHONE, HOMEZIPCODE) VALUES ('PASS_6941', '896-63-9260', '3669735548', '32679');
INSERT INTO F23_S001_T3_Passenger (PASSID, SSN, PHONE, HOMEZIPCODE) VALUES ('PASS_3352', '959-78-4364', '0100683947', '21279');
INSERT INTO F23_S001_T3_Passenger (PASSID, SSN, PHONE, HOMEZIPCODE) VALUES ('PASS_8169', '357-85-1099', '3719079322', '44352');
INSERT INTO F23_S001_T3_Passenger (PASSID, SSN, PHONE, HOMEZIPCODE) VALUES ('PASS_6950', '178-14-2066', '7437761209', '28629');
INSERT INTO F23_S001_T3_Passenger (PASSID, SSN, PHONE, HOMEZIPCODE) VALUES ('PASS_9404', '545-21-7681', '4136196167', '30400');
INSERT INTO F23_S001_T3_Passenger (PASSID, SSN, PHONE, HOMEZIPCODE) VALUES ('PASS_7173', '712-40-3344', '2358213344', '53478');
INSERT INTO F23_S001_T3_Passenger (PASSID, SSN, PHONE, HOMEZIPCODE) VALUES ('PASS_1159', '349-55-1817', '6206106918', '28230');
INSERT INTO F23_S001_T3_Passenger (PASSID, SSN, PHONE, HOMEZIPCODE) VALUES ('PASS_6409', '327-66-3919', '2406474219', '96468');
INSERT INTO F23_S001_T3_Passenger (PASSID, SSN, PHONE, HOMEZIPCODE) VALUES ('PASS_1754', '385-77-6195', '1855646190', '56751');
INSERT INTO F23_S001_T3_Passenger (PASSID, SSN, PHONE, HOMEZIPCODE) VALUES ('PASS_1433', '844-54-1403', '6510995805', '01624');
INSERT INTO F23_S001_T3_Passenger (PASSID, SSN, PHONE, HOMEZIPCODE) VALUES ('PASS_2968', '746-70-5119', '5721740705', '52395');
INSERT INTO F23_S001_T3_Passenger (PASSID, SSN, PHONE, HOMEZIPCODE) VALUES ('PASS_3436', '695-19-3401', '4606407409', '51984');
INSERT INTO F23_S001_T3_Passenger (PASSID, SSN, PHONE, HOMEZIPCODE) VALUES ('PASS_5883', '996-23-9548', '2516007697', '19059');
INSERT INTO F23_S001_T3_Passenger (PASSID, SSN, PHONE, HOMEZIPCODE) VALUES ('PASS_2615', '115-89-4866', '6560651350', '25660');
INSERT INTO F23_S001_T3_Passenger (PASSID, SSN, PHONE, HOMEZIPCODE) VALUES ('PASS_6320', '779-65-2130', '9266031720', '61977');
INSERT INTO F23_S001_T3_Passenger (PASSID, SSN, PHONE, HOMEZIPCODE) VALUES ('PASS_9696', '326-22-1632', '8363953843', '74454');
INSERT INTO F23_S001_T3_Passenger (PASSID, SSN, PHONE, HOMEZIPCODE) VALUES ('PASS_4893', '922-88-7169', '1796166401', '83396');
INSERT INTO F23_S001_T3_Passenger (PASSID, SSN, PHONE, HOMEZIPCODE) VALUES ('PASS_7688', '742-18-6138', '8651473366', '67291');
INSERT INTO F23_S001_T3_Passenger (PASSID, SSN, PHONE, HOMEZIPCODE) VALUES ('PASS_3836', '190-96-9550', '1732764767', '33502');
INSERT INTO F23_S001_T3_Passenger (PASSID, SSN, PHONE, HOMEZIPCODE) VALUES ('PASS_4757', '731-71-5958', '9316644456', '36615');
INSERT INTO F23_S001_T3_Passenger (PASSID, SSN, PHONE, HOMEZIPCODE) VALUES ('PASS_6009', '616-22-3177', '6376647642', '34307');
INSERT INTO F23_S001_T3_Passenger (PASSID, SSN, PHONE, HOMEZIPCODE) VALUES ('PASS_1908', '515-41-8973', '0755691931', '26328');
INSERT INTO F23_S001_T3_Passenger (PASSID, SSN, PHONE, HOMEZIPCODE) VALUES ('PASS_6843', '856-41-6948', '1610158094', '70802');
INSERT INTO F23_S001_T3_Passenger (PASSID, SSN, PHONE, HOMEZIPCODE) VALUES ('PASS_4420', '555-20-4871', '7504521566', '42191');
INSERT INTO F23_S001_T3_Passenger (PASSID, SSN, PHONE, HOMEZIPCODE) VALUES ('PASS_6750', '898-30-7029', '9506950292', '68876');
INSERT INTO F23_S001_T3_Passenger (PASSID, SSN, PHONE, HOMEZIPCODE) VALUES ('PASS_9337', '861-18-9583', '3043148760', '14053');
INSERT INTO F23_S001_T3_Passenger (PASSID, SSN, PHONE, HOMEZIPCODE) VALUES ('PASS_9173', '462-21-5403', '5016222025', '22496');
INSERT INTO F23_S001_T3_Passenger (PASSID, SSN, PHONE, HOMEZIPCODE) VALUES ('PASS_8449', '182-64-9945', '6418839284', '12336');
INSERT INTO F23_S001_T3_Passenger (PASSID, SSN, PHONE, HOMEZIPCODE) VALUES ('PASS_6975', '336-39-5891', '7257991334', '32056');
INSERT INTO F23_S001_T3_Passenger (PASSID, SSN, PHONE, HOMEZIPCODE) VALUES ('PASS_7324', '153-55-9650', '4760787119', '94564');
INSERT INTO F23_S001_T3_Passenger (PASSID, SSN, PHONE, HOMEZIPCODE) VALUES ('PASS_3543', '203-42-6454', '0224545945', '51533');
INSERT INTO F23_S001_T3_Passenger (PASSID, SSN, PHONE, HOMEZIPCODE) VALUES ('PASS_7606', '230-41-9874', '0009156595', '40962');
INSERT INTO F23_S001_T3_Passenger (PASSID, SSN, PHONE, HOMEZIPCODE) VALUES ('PASS_7408', '259-80-6127', '0604853950', '41267');
INSERT INTO F23_S001_T3_Passenger (PASSID, SSN, PHONE, HOMEZIPCODE) VALUES ('PASS_1276', '858-47-9032', '4278202866', '62808');
INSERT INTO F23_S001_T3_Passenger (PASSID, SSN, PHONE, HOMEZIPCODE) VALUES ('PASS_7761', '394-87-8125', '6908234684', '10580');
INSERT INTO F23_S001_T3_Passenger (PASSID, SSN, PHONE, HOMEZIPCODE) VALUES ('PASS_4776', '200-27-7463', '6078642810', '38381');
INSERT INTO F23_S001_T3_Passenger (PASSID, SSN, PHONE, HOMEZIPCODE) VALUES ('PASS_2792', '420-11-3493', '7349577527', '56841');
INSERT INTO F23_S001_T3_Passenger (PASSID, SSN, PHONE, HOMEZIPCODE) VALUES ('PASS_3732', '429-29-3953', '2874225473', '41299');
INSERT INTO F23_S001_T3_Passenger (PASSID, SSN, PHONE, HOMEZIPCODE) VALUES ('PASS_5672', '250-71-4957', '7683661175', '41768');
INSERT INTO F23_S001_T3_Passenger (PASSID, SSN, PHONE, HOMEZIPCODE) VALUES ('PASS_7095', '775-66-3546', '2007912619', '01444');
INSERT INTO F23_S001_T3_Passenger (PASSID, SSN, PHONE, HOMEZIPCODE) VALUES ('PASS_6385', '264-41-1730', '9104367822', '13036');
INSERT INTO F23_S001_T3_Passenger (PASSID, SSN, PHONE, HOMEZIPCODE) VALUES ('PASS_4452', '808-49-6844', '7352023694', '63995');
INSERT INTO F23_S001_T3_Passenger (PASSID, SSN, PHONE, HOMEZIPCODE) VALUES ('PASS_4438', '724-93-2217', '7376445644', '41508');
INSERT INTO F23_S001_T3_Passenger (PASSID, SSN, PHONE, HOMEZIPCODE) VALUES ('PASS_6583', '362-58-8446', '3322921747', '44424');

--Ride

INSERT INTO F23_S001_T3_Ride (RideID, TicketID, TicketFareUSD, PassID, YearOfManufacture, Capacity, Maintenance, DateOfVisit, ModelType) VALUES ('RIDE_4522', 'TICKET_2757', '16.0', 'PASS_1009', '2023', '10', '2', TO_DATE('2023-09-24 00:00:00', 'YYYY-MM-DD HH24:MI:SS'), 'Kamikaze');
INSERT INTO F23_S001_T3_Ride (RideID, TicketID, TicketFareUSD, PassID, YearOfManufacture, Capacity, Maintenance, DateOfVisit, ModelType) VALUES ('RIDE_3735', 'TICKET_2377', '15.0', 'PASS_1050', '2004', '2', '2', TO_DATE('2023-08-12 00:00:00', 'YYYY-MM-DD HH24:MI:SS'), 'Water Slide');
INSERT INTO F23_S001_T3_Ride (RideID, TicketID, TicketFareUSD, PassID, YearOfManufacture, Capacity, Maintenance, DateOfVisit, ModelType) VALUES ('RIDE_1728', 'TICKET_7016', '5.0', 'PASS_1159', '2015', '25', '4', TO_DATE('2022-09-04 00:00:00', 'YYYY-MM-DD HH24:MI:SS'), 'Carousel');
INSERT INTO F23_S001_T3_Ride (RideID, TicketID, TicketFareUSD, PassID, YearOfManufacture, Capacity, Maintenance, DateOfVisit, ModelType) VALUES ('RIDE_5815', 'TICKET_2343', '7.0', 'PASS_1276', '2010', '50', '8', TO_DATE('2022-09-24 00:00:00', 'YYYY-MM-DD HH24:MI:SS'), 'Ferris Wheel');
INSERT INTO F23_S001_T3_Ride (RideID, TicketID, TicketFareUSD, PassID, YearOfManufacture, Capacity, Maintenance, DateOfVisit, ModelType) VALUES ('RIDE_6536', 'TICKET_4116', '7.0', 'PASS_1371', '2010', '50', '1', TO_DATE('2022-01-17 00:00:00', 'YYYY-MM-DD HH24:MI:SS'), 'Ferris Wheel');
INSERT INTO F23_S001_T3_Ride (RideID, TicketID, TicketFareUSD, PassID, YearOfManufacture, Capacity, Maintenance, DateOfVisit, ModelType) VALUES ('RIDE_1889', 'TICKET_4899', '7.0', 'PASS_1433', '2010', '50', '4', TO_DATE('2022-01-03 00:00:00', 'YYYY-MM-DD HH24:MI:SS'), 'Ferris Wheel');
INSERT INTO F23_S001_T3_Ride (RideID, TicketID, TicketFareUSD, PassID, YearOfManufacture, Capacity, Maintenance, DateOfVisit, ModelType) VALUES ('RIDE_2114', 'TICKET_8008', '12.0', 'PASS_1476', '2020', '20', '8', TO_DATE('2023-01-05 00:00:00', 'YYYY-MM-DD HH24:MI:SS'), 'Gyro Tower');
INSERT INTO F23_S001_T3_Ride (RideID, TicketID, TicketFareUSD, PassID, YearOfManufacture, Capacity, Maintenance, DateOfVisit, ModelType) VALUES ('RIDE_9414', 'TICKET_7887', '10.0', 'PASS_1754', '2019', '15', '1', TO_DATE('2023-02-25 00:00:00', 'YYYY-MM-DD HH24:MI:SS'), 'Freefall');
INSERT INTO F23_S001_T3_Ride (RideID, TicketID, TicketFareUSD, PassID, YearOfManufacture, Capacity, Maintenance, DateOfVisit, ModelType) VALUES ('RIDE_4273', 'TICKET_8914', '10.0', 'PASS_1908', '2019', '15', '4', TO_DATE('2022-07-10 00:00:00', 'YYYY-MM-DD HH24:MI:SS'), 'Freefall');
INSERT INTO F23_S001_T3_Ride (RideID, TicketID, TicketFareUSD, PassID, YearOfManufacture, Capacity, Maintenance, DateOfVisit, ModelType) VALUES ('RIDE_6852', 'TICKET_7485', '10.0', 'PASS_2201', '2019', '15', '5', TO_DATE('2022-08-21 00:00:00', 'YYYY-MM-DD HH24:MI:SS'), 'Freefall');
INSERT INTO F23_S001_T3_Ride (RideID, TicketID, TicketFareUSD, PassID, YearOfManufacture, Capacity, Maintenance, DateOfVisit, ModelType) VALUES ('RIDE_2735', 'TICKET_8215', '10.0', 'PASS_2484', '2019', '15', '9', TO_DATE('2023-10-31 00:00:00', 'YYYY-MM-DD HH24:MI:SS'), 'Freefall');
INSERT INTO F23_S001_T3_Ride (RideID, TicketID, TicketFareUSD, PassID, YearOfManufacture, Capacity, Maintenance, DateOfVisit, ModelType) VALUES ('RIDE_9595', 'TICKET_2032', '16.0', 'PASS_2615', '2023', '10', '10', TO_DATE('2022-04-03 00:00:00', 'YYYY-MM-DD HH24:MI:SS'), 'Kamikaze');
INSERT INTO F23_S001_T3_Ride (RideID, TicketID, TicketFareUSD, PassID, YearOfManufacture, Capacity, Maintenance, DateOfVisit, ModelType) VALUES ('RIDE_2745', 'TICKET_9619', '16.0', 'PASS_2792', '2023', '10', '5', TO_DATE('2023-11-28 00:00:00', 'YYYY-MM-DD HH24:MI:SS'), 'Kamikaze');
INSERT INTO F23_S001_T3_Ride (RideID, TicketID, TicketFareUSD, PassID, YearOfManufacture, Capacity, Maintenance, DateOfVisit, ModelType) VALUES ('RIDE_4922', 'TICKET_8728', '16.0', 'PASS_2968', '2023', '10', '4', TO_DATE('2023-01-24 00:00:00', 'YYYY-MM-DD HH24:MI:SS'), 'Kamikaze');
INSERT INTO F23_S001_T3_Ride (RideID, TicketID, TicketFareUSD, PassID, YearOfManufacture, Capacity, Maintenance, DateOfVisit, ModelType) VALUES ('RIDE_1955', 'TICKET_8251', '10.0', 'PASS_3352', '2001', '20', '4', TO_DATE('2022-03-17 00:00:00', 'YYYY-MM-DD HH24:MI:SS'), 'Roller Coaster');
INSERT INTO F23_S001_T3_Ride (RideID, TicketID, TicketFareUSD, PassID, YearOfManufacture, Capacity, Maintenance, DateOfVisit, ModelType) VALUES ('RIDE_5593', 'TICKET_4074', '12.0', 'PASS_3436', '2020', '20', '2', TO_DATE('2022-11-12 00:00:00', 'YYYY-MM-DD HH24:MI:SS'), 'Gyro Tower');
INSERT INTO F23_S001_T3_Ride (RideID, TicketID, TicketFareUSD, PassID, YearOfManufacture, Capacity, Maintenance, DateOfVisit, ModelType) VALUES ('RIDE_7344', 'TICKET_8394', '16.0', 'PASS_3543', '2023', '10', '5', TO_DATE('2023-12-29 00:00:00', 'YYYY-MM-DD HH24:MI:SS'), 'Kamikaze');
INSERT INTO F23_S001_T3_Ride (RideID, TicketID, TicketFareUSD, PassID, YearOfManufacture, Capacity, Maintenance, DateOfVisit, ModelType) VALUES ('RIDE_8015', 'TICKET_8562', '10.0', 'PASS_3668', '2019', '15', '7', TO_DATE('2023-03-13 00:00:00', 'YYYY-MM-DD HH24:MI:SS'), 'Freefall');
INSERT INTO F23_S001_T3_Ride (RideID, TicketID, TicketFareUSD, PassID, YearOfManufacture, Capacity, Maintenance, DateOfVisit, ModelType) VALUES ('RIDE_3047', 'TICKET_7230', '5.0', 'PASS_3732', '2015', '25', '10', TO_DATE('2022-08-05 00:00:00', 'YYYY-MM-DD HH24:MI:SS'), 'Carousel');
INSERT INTO F23_S001_T3_Ride (RideID, TicketID, TicketFareUSD, PassID, YearOfManufacture, Capacity, Maintenance, DateOfVisit, ModelType) VALUES ('RIDE_7963', 'TICKET_9533', '10.0', 'PASS_3836', '2019', '15', '1', TO_DATE('2022-08-18 00:00:00', 'YYYY-MM-DD HH24:MI:SS'), 'Freefall');
INSERT INTO F23_S001_T3_Ride (RideID, TicketID, TicketFareUSD, PassID, YearOfManufacture, Capacity, Maintenance, DateOfVisit, ModelType) VALUES ('RIDE_2907', 'TICKET_1302', '12.0', 'PASS_4065', '2020', '20', '2', TO_DATE('2023-12-25 00:00:00', 'YYYY-MM-DD HH24:MI:SS'), 'Gyro Tower');
INSERT INTO F23_S001_T3_Ride (RideID, TicketID, TicketFareUSD, PassID, YearOfManufacture, Capacity, Maintenance, DateOfVisit, ModelType) VALUES ('RIDE_6967', 'TICKET_3810', '10.0', 'PASS_4349', '2019', '15', '3', TO_DATE('2023-02-03 00:00:00', 'YYYY-MM-DD HH24:MI:SS'), 'Freefall');
INSERT INTO F23_S001_T3_Ride (RideID, TicketID, TicketFareUSD, PassID, YearOfManufacture, Capacity, Maintenance, DateOfVisit, ModelType) VALUES ('RIDE_9458', 'TICKET_6500', '15.0', 'PASS_4420', '2004', '2', '5', TO_DATE('2022-11-18 00:00:00', 'YYYY-MM-DD HH24:MI:SS'), 'Water Slide');
INSERT INTO F23_S001_T3_Ride (RideID, TicketID, TicketFareUSD, PassID, YearOfManufacture, Capacity, Maintenance, DateOfVisit, ModelType) VALUES ('RIDE_4936', 'TICKET_6444', '10.0', 'PASS_4438', '2001', '20', '5', TO_DATE('2022-06-27 00:00:00', 'YYYY-MM-DD HH24:MI:SS'), 'Roller Coaster');
INSERT INTO F23_S001_T3_Ride (RideID, TicketID, TicketFareUSD, PassID, YearOfManufacture, Capacity, Maintenance, DateOfVisit, ModelType) VALUES ('RIDE_7925', 'TICKET_7252', '12.0', 'PASS_4452', '2020', '20', '10', TO_DATE('2023-05-06 00:00:00', 'YYYY-MM-DD HH24:MI:SS'), 'Gyro Tower');
INSERT INTO F23_S001_T3_Ride (RideID, TicketID, TicketFareUSD, PassID, YearOfManufacture, Capacity, Maintenance, DateOfVisit, ModelType) VALUES ('RIDE_4967', 'TICKET_2940', '5.0', 'PASS_4533', '2015', '25', '7', TO_DATE('2023-03-26 00:00:00', 'YYYY-MM-DD HH24:MI:SS'), 'Carousel');
INSERT INTO F23_S001_T3_Ride (RideID, TicketID, TicketFareUSD, PassID, YearOfManufacture, Capacity, Maintenance, DateOfVisit, ModelType) VALUES ('RIDE_4810', 'TICKET_6997', '15.0', 'PASS_4578', '2004', '2', '3', TO_DATE('2022-01-19 00:00:00', 'YYYY-MM-DD HH24:MI:SS'), 'Water Slide');
INSERT INTO F23_S001_T3_Ride (RideID, TicketID, TicketFareUSD, PassID, YearOfManufacture, Capacity, Maintenance, DateOfVisit, ModelType) VALUES ('RIDE_6418', 'TICKET_5465', '15.0', 'PASS_4736', '2004', '2', '2', TO_DATE('2022-05-15 00:00:00', 'YYYY-MM-DD HH24:MI:SS'), 'Water Slide');
INSERT INTO F23_S001_T3_Ride (RideID, TicketID, TicketFareUSD, PassID, YearOfManufacture, Capacity, Maintenance, DateOfVisit, ModelType) VALUES ('RIDE_5457', 'TICKET_3386', '5.0', 'PASS_4745', '2015', '25', '6', TO_DATE('2022-10-09 00:00:00', 'YYYY-MM-DD HH24:MI:SS'), 'Carousel');
INSERT INTO F23_S001_T3_Ride (RideID, TicketID, TicketFareUSD, PassID, YearOfManufacture, Capacity, Maintenance, DateOfVisit, ModelType) VALUES ('RIDE_9101', 'TICKET_7749', '10.0', 'PASS_4757', '2001', '20', '1', TO_DATE('2023-10-20 00:00:00', 'YYYY-MM-DD HH24:MI:SS'), 'Roller Coaster');
INSERT INTO F23_S001_T3_Ride (RideID, TicketID, TicketFareUSD, PassID, YearOfManufacture, Capacity, Maintenance, DateOfVisit, ModelType) VALUES ('RIDE_1475', 'TICKET_5114', '7.0', 'PASS_4776', '2010', '50', '3', TO_DATE('2023-03-15 00:00:00', 'YYYY-MM-DD HH24:MI:SS'), 'Ferris Wheel');
INSERT INTO F23_S001_T3_Ride (RideID, TicketID, TicketFareUSD, PassID, YearOfManufacture, Capacity, Maintenance, DateOfVisit, ModelType) VALUES ('RIDE_6677', 'TICKET_6645', '5.0', 'PASS_4893', '2015', '25', '3', TO_DATE('2022-05-11 00:00:00', 'YYYY-MM-DD HH24:MI:SS'), 'Carousel');
INSERT INTO F23_S001_T3_Ride (RideID, TicketID, TicketFareUSD, PassID, YearOfManufacture, Capacity, Maintenance, DateOfVisit, ModelType) VALUES ('RIDE_7591', 'TICKET_6950', '10.0', 'PASS_4997', '2001', '20', '4', TO_DATE('2022-07-30 00:00:00', 'YYYY-MM-DD HH24:MI:SS'), 'Roller Coaster');
INSERT INTO F23_S001_T3_Ride (RideID, TicketID, TicketFareUSD, PassID, YearOfManufacture, Capacity, Maintenance, DateOfVisit, ModelType) VALUES ('RIDE_9652', 'TICKET_1004', '5.0', 'PASS_5167', '2015', '25', '5', TO_DATE('2022-01-30 00:00:00', 'YYYY-MM-DD HH24:MI:SS'), 'Carousel');
INSERT INTO F23_S001_T3_Ride (RideID, TicketID, TicketFareUSD, PassID, YearOfManufacture, Capacity, Maintenance, DateOfVisit, ModelType) VALUES ('RIDE_1437', 'TICKET_3367', '7.0', 'PASS_5672', '2010', '50', '6', TO_DATE('2022-01-29 00:00:00', 'YYYY-MM-DD HH24:MI:SS'), 'Ferris Wheel');
INSERT INTO F23_S001_T3_Ride (RideID, TicketID, TicketFareUSD, PassID, YearOfManufacture, Capacity, Maintenance, DateOfVisit, ModelType) VALUES ('RIDE_9438', 'TICKET_3912', '7.0', 'PASS_5883', '2010', '50', '2', TO_DATE('2022-04-29 00:00:00', 'YYYY-MM-DD HH24:MI:SS'), 'Ferris Wheel');
INSERT INTO F23_S001_T3_Ride (RideID, TicketID, TicketFareUSD, PassID, YearOfManufacture, Capacity, Maintenance, DateOfVisit, ModelType) VALUES ('RIDE_1615', 'TICKET_7956', '15.0', 'PASS_6009', '2004', '2', '7', TO_DATE('2023-02-06 00:00:00', 'YYYY-MM-DD HH24:MI:SS'), 'Water Slide');
INSERT INTO F23_S001_T3_Ride (RideID, TicketID, TicketFareUSD, PassID, YearOfManufacture, Capacity, Maintenance, DateOfVisit, ModelType) VALUES ('RIDE_8929', 'TICKET_3749', '10.0', 'PASS_6240', '2019', '15', '9', TO_DATE('2022-05-24 00:00:00', 'YYYY-MM-DD HH24:MI:SS'), 'Freefall');
INSERT INTO F23_S001_T3_Ride (RideID, TicketID, TicketFareUSD, PassID, YearOfManufacture, Capacity, Maintenance, DateOfVisit, ModelType) VALUES ('RIDE_6478', 'TICKET_1190', '12.0', 'PASS_6320', '2020', '20', '8', TO_DATE('2022-01-01 00:00:00', 'YYYY-MM-DD HH24:MI:SS'), 'Gyro Tower');
INSERT INTO F23_S001_T3_Ride (RideID, TicketID, TicketFareUSD, PassID, YearOfManufacture, Capacity, Maintenance, DateOfVisit, ModelType) VALUES ('RIDE_6138', 'TICKET_9169', '15.0', 'PASS_6385', '2004', '2', '4', TO_DATE('2023-11-13 00:00:00', 'YYYY-MM-DD HH24:MI:SS'), 'Water Slide');
INSERT INTO F23_S001_T3_Ride (RideID, TicketID, TicketFareUSD, PassID, YearOfManufacture, Capacity, Maintenance, DateOfVisit, ModelType) VALUES ('RIDE_1932', 'TICKET_3994', '15.0', 'PASS_6409', '2004', '2', '7', TO_DATE('2023-08-18 00:00:00', 'YYYY-MM-DD HH24:MI:SS'), 'Water Slide');
INSERT INTO F23_S001_T3_Ride (RideID, TicketID, TicketFareUSD, PassID, YearOfManufacture, Capacity, Maintenance, DateOfVisit, ModelType) VALUES ('RIDE_5981', 'TICKET_9535', '10.0', 'PASS_6583', '2019', '15', '8', TO_DATE('2023-01-11 00:00:00', 'YYYY-MM-DD HH24:MI:SS'), 'Freefall');
INSERT INTO F23_S001_T3_Ride (RideID, TicketID, TicketFareUSD, PassID, YearOfManufacture, Capacity, Maintenance, DateOfVisit, ModelType) VALUES ('RIDE_8581', 'TICKET_6951', '10.0', 'PASS_6649', '2019', '15', '1', TO_DATE('2022-06-30 00:00:00', 'YYYY-MM-DD HH24:MI:SS'), 'Freefall');
INSERT INTO F23_S001_T3_Ride (RideID, TicketID, TicketFareUSD, PassID, YearOfManufacture, Capacity, Maintenance, DateOfVisit, ModelType) VALUES ('RIDE_1086', 'TICKET_3179', '16.0', 'PASS_6728', '2023', '10', '5', TO_DATE('2022-06-19 00:00:00', 'YYYY-MM-DD HH24:MI:SS'), 'Kamikaze');
INSERT INTO F23_S001_T3_Ride (RideID, TicketID, TicketFareUSD, PassID, YearOfManufacture, Capacity, Maintenance, DateOfVisit, ModelType) VALUES ('RIDE_9655', 'TICKET_4481', '5.0', 'PASS_6750', '2015', '25', '4', TO_DATE('2023-04-05 00:00:00', 'YYYY-MM-DD HH24:MI:SS'), 'Carousel');
INSERT INTO F23_S001_T3_Ride (RideID, TicketID, TicketFareUSD, PassID, YearOfManufacture, Capacity, Maintenance, DateOfVisit, ModelType) VALUES ('RIDE_6698', 'TICKET_1220', '15.0', 'PASS_6843', '2004', '2', '8', TO_DATE('2022-10-13 00:00:00', 'YYYY-MM-DD HH24:MI:SS'), 'Water Slide');
INSERT INTO F23_S001_T3_Ride (RideID, TicketID, TicketFareUSD, PassID, YearOfManufacture, Capacity, Maintenance, DateOfVisit, ModelType) VALUES ('RIDE_6590', 'TICKET_9599', '10.0', 'PASS_6941', '2001', '20', '4', TO_DATE('2022-11-20 00:00:00', 'YYYY-MM-DD HH24:MI:SS'), 'Roller Coaster');
INSERT INTO F23_S001_T3_Ride (RideID, TicketID, TicketFareUSD, PassID, YearOfManufacture, Capacity, Maintenance, DateOfVisit, ModelType) VALUES ('RIDE_1145', 'TICKET_3858', '15.0', 'PASS_6950', '2004', '2', '2', TO_DATE('2022-03-18 00:00:00', 'YYYY-MM-DD HH24:MI:SS'), 'Water Slide');
INSERT INTO F23_S001_T3_Ride (RideID, TicketID, TicketFareUSD, PassID, YearOfManufacture, Capacity, Maintenance, DateOfVisit, ModelType) VALUES ('RIDE_5683', 'TICKET_9893', '16.0', 'PASS_6975', '2023', '10', '3', TO_DATE('2022-07-26 00:00:00', 'YYYY-MM-DD HH24:MI:SS'), 'Kamikaze');
INSERT INTO F23_S001_T3_Ride (RideID, TicketID, TicketFareUSD, PassID, YearOfManufacture, Capacity, Maintenance, DateOfVisit, ModelType) VALUES ('RIDE_8821', 'TICKET_8416', '7.0', 'PASS_7036', '2010', '50', '7', TO_DATE('2023-06-23 00:00:00', 'YYYY-MM-DD HH24:MI:SS'), 'Ferris Wheel');
INSERT INTO F23_S001_T3_Ride (RideID, TicketID, TicketFareUSD, PassID, YearOfManufacture, Capacity, Maintenance, DateOfVisit, ModelType) VALUES ('RIDE_5467', 'TICKET_1234', '10.0', 'PASS_7094', '2001', '20', '6', TO_DATE('2023-09-10 00:00:00', 'YYYY-MM-DD HH24:MI:SS'), 'Roller Coaster');
INSERT INTO F23_S001_T3_Ride (RideID, TicketID, TicketFareUSD, PassID, YearOfManufacture, Capacity, Maintenance, DateOfVisit, ModelType) VALUES ('RIDE_8226', 'TICKET_8822', '5.0', 'PASS_7095', '2015', '25', '6', TO_DATE('2022-10-27 00:00:00', 'YYYY-MM-DD HH24:MI:SS'), 'Carousel');
INSERT INTO F23_S001_T3_Ride (RideID, TicketID, TicketFareUSD, PassID, YearOfManufacture, Capacity, Maintenance, DateOfVisit, ModelType) VALUES ('RIDE_8505', 'TICKET_3517', '15.0', 'PASS_7173', '2004', '2', '4', TO_DATE('2022-07-29 00:00:00', 'YYYY-MM-DD HH24:MI:SS'), 'Water Slide');
INSERT INTO F23_S001_T3_Ride (RideID, TicketID, TicketFareUSD, PassID, YearOfManufacture, Capacity, Maintenance, DateOfVisit, ModelType) VALUES ('RIDE_4579', 'TICKET_7220', '16.0', 'PASS_7185', '2023', '10', '7', TO_DATE('2023-11-01 00:00:00', 'YYYY-MM-DD HH24:MI:SS'), 'Kamikaze');
INSERT INTO F23_S001_T3_Ride (RideID, TicketID, TicketFareUSD, PassID, YearOfManufacture, Capacity, Maintenance, DateOfVisit, ModelType) VALUES ('RIDE_2361', 'TICKET_3067', '15.0', 'PASS_7315', '2004', '2', '3', TO_DATE('2023-11-24 00:00:00', 'YYYY-MM-DD HH24:MI:SS'), 'Water Slide');
INSERT INTO F23_S001_T3_Ride (RideID, TicketID, TicketFareUSD, PassID, YearOfManufacture, Capacity, Maintenance, DateOfVisit, ModelType) VALUES ('RIDE_2495', 'TICKET_8430', '5.0', 'PASS_7324', '2015', '25', '6', TO_DATE('2022-01-11 00:00:00', 'YYYY-MM-DD HH24:MI:SS'), 'Carousel');
INSERT INTO F23_S001_T3_Ride (RideID, TicketID, TicketFareUSD, PassID, YearOfManufacture, Capacity, Maintenance, DateOfVisit, ModelType) VALUES ('RIDE_8366', 'TICKET_5682', '5.0', 'PASS_7408', '2015', '25', '8', TO_DATE('2022-04-30 00:00:00', 'YYYY-MM-DD HH24:MI:SS'), 'Carousel');
INSERT INTO F23_S001_T3_Ride (RideID, TicketID, TicketFareUSD, PassID, YearOfManufacture, Capacity, Maintenance, DateOfVisit, ModelType) VALUES ('RIDE_9896', 'TICKET_6224', '5.0', 'PASS_7603', '2015', '25', '6', TO_DATE('2023-04-09 00:00:00', 'YYYY-MM-DD HH24:MI:SS'), 'Carousel');
INSERT INTO F23_S001_T3_Ride (RideID, TicketID, TicketFareUSD, PassID, YearOfManufacture, Capacity, Maintenance, DateOfVisit, ModelType) VALUES ('RIDE_1498', 'TICKET_4266', '16.0', 'PASS_7606', '2023', '10', '8', TO_DATE('2023-09-14 00:00:00', 'YYYY-MM-DD HH24:MI:SS'), 'Kamikaze');
INSERT INTO F23_S001_T3_Ride (RideID, TicketID, TicketFareUSD, PassID, YearOfManufacture, Capacity, Maintenance, DateOfVisit, ModelType) VALUES ('RIDE_3083', 'TICKET_3343', '10.0', 'PASS_7688', '2019', '15', '1', TO_DATE('2023-03-06 00:00:00', 'YYYY-MM-DD HH24:MI:SS'), 'Freefall');
INSERT INTO F23_S001_T3_Ride (RideID, TicketID, TicketFareUSD, PassID, YearOfManufacture, Capacity, Maintenance, DateOfVisit, ModelType) VALUES ('RIDE_2814', 'TICKET_9775', '10.0', 'PASS_7761', '2019', '15', '7', TO_DATE('2022-06-16 00:00:00', 'YYYY-MM-DD HH24:MI:SS'), 'Freefall');
INSERT INTO F23_S001_T3_Ride (RideID, TicketID, TicketFareUSD, PassID, YearOfManufacture, Capacity, Maintenance, DateOfVisit, ModelType) VALUES ('RIDE_5717', 'TICKET_9363', '12.0', 'PASS_7896', '2020', '20', '4', TO_DATE('2022-07-26 00:00:00', 'YYYY-MM-DD HH24:MI:SS'), 'Gyro Tower');
INSERT INTO F23_S001_T3_Ride (RideID, TicketID, TicketFareUSD, PassID, YearOfManufacture, Capacity, Maintenance, DateOfVisit, ModelType) VALUES ('RIDE_6651', 'TICKET_6859', '10.0', 'PASS_7991', '2019', '15', '3', TO_DATE('2022-07-21 00:00:00', 'YYYY-MM-DD HH24:MI:SS'), 'Freefall');
INSERT INTO F23_S001_T3_Ride (RideID, TicketID, TicketFareUSD, PassID, YearOfManufacture, Capacity, Maintenance, DateOfVisit, ModelType) VALUES ('RIDE_3092', 'TICKET_9353', '10.0', 'PASS_8169', '2019', '15', '2', TO_DATE('2023-04-20 00:00:00', 'YYYY-MM-DD HH24:MI:SS'), 'Freefall');
INSERT INTO F23_S001_T3_Ride (RideID, TicketID, TicketFareUSD, PassID, YearOfManufacture, Capacity, Maintenance, DateOfVisit, ModelType) VALUES ('RIDE_1219', 'TICKET_5801', '16.0', 'PASS_8431', '2023', '10', '6', TO_DATE('2023-04-14 00:00:00', 'YYYY-MM-DD HH24:MI:SS'), 'Kamikaze');
INSERT INTO F23_S001_T3_Ride (RideID, TicketID, TicketFareUSD, PassID, YearOfManufacture, Capacity, Maintenance, DateOfVisit, ModelType) VALUES ('RIDE_1430', 'TICKET_5535', '10.0', 'PASS_8449', '2019', '15', '7', TO_DATE('2023-11-30 00:00:00', 'YYYY-MM-DD HH24:MI:SS'), 'Freefall');
INSERT INTO F23_S001_T3_Ride (RideID, TicketID, TicketFareUSD, PassID, YearOfManufacture, Capacity, Maintenance, DateOfVisit, ModelType) VALUES ('RIDE_2991', 'TICKET_6682', '5.0', 'PASS_8888', '2015', '25', '4', TO_DATE('2023-01-01 00:00:00', 'YYYY-MM-DD HH24:MI:SS'), 'Carousel');
INSERT INTO F23_S001_T3_Ride (RideID, TicketID, TicketFareUSD, PassID, YearOfManufacture, Capacity, Maintenance, DateOfVisit, ModelType) VALUES ('RIDE_8245', 'TICKET_7127', '12.0', 'PASS_9173', '2020', '20', '3', TO_DATE('2023-09-22 00:00:00', 'YYYY-MM-DD HH24:MI:SS'), 'Gyro Tower');
INSERT INTO F23_S001_T3_Ride (RideID, TicketID, TicketFareUSD, PassID, YearOfManufacture, Capacity, Maintenance, DateOfVisit, ModelType) VALUES ('RIDE_4425', 'TICKET_8794', '12.0', 'PASS_9337', '2020', '20', '4', TO_DATE('2022-10-21 00:00:00', 'YYYY-MM-DD HH24:MI:SS'), 'Gyro Tower');
INSERT INTO F23_S001_T3_Ride (RideID, TicketID, TicketFareUSD, PassID, YearOfManufacture, Capacity, Maintenance, DateOfVisit, ModelType) VALUES ('RIDE_7993', 'TICKET_6710', '10.0', 'PASS_9404', '2001', '20', '1', TO_DATE('2023-11-27 00:00:00', 'YYYY-MM-DD HH24:MI:SS'), 'Roller Coaster');
INSERT INTO F23_S001_T3_Ride (RideID, TicketID, TicketFareUSD, PassID, YearOfManufacture, Capacity, Maintenance, DateOfVisit, ModelType) VALUES ('RIDE_7685', 'TICKET_2184', '12.0', 'PASS_9585', '2020', '20', '4', TO_DATE('2023-04-18 00:00:00', 'YYYY-MM-DD HH24:MI:SS'), 'Gyro Tower');
INSERT INTO F23_S001_T3_Ride (RideID, TicketID, TicketFareUSD, PassID, YearOfManufacture, Capacity, Maintenance, DateOfVisit, ModelType) VALUES ('RIDE_1912', 'TICKET_3595', '7.0', 'PASS_9696', '2010', '50', '8', TO_DATE('2023-07-28 00:00:00', 'YYYY-MM-DD HH24:MI:SS'), 'Ferris Wheel');
INSERT INTO F23_S001_T3_Ride (RideID, TicketID, TicketFareUSD, PassID, YearOfManufacture, Capacity, Maintenance, DateOfVisit, ModelType) VALUES ('RIDE_6544', 'TICKET_6475', '10.0', 'PASS_9706', '2001', '20', '1', TO_DATE('2022-08-15 00:00:00', 'YYYY-MM-DD HH24:MI:SS'), 'Roller Coaster');
INSERT INTO F23_S001_T3_Ride (RideID, TicketID, TicketFareUSD, PassID, YearOfManufacture, Capacity, Maintenance, DateOfVisit, ModelType) VALUES ('RIDE_2206', 'TICKET_5283', '10.0', 'PASS_9877', '2019', '15', '4', TO_DATE('2023-05-17 00:00:00', 'YYYY-MM-DD HH24:MI:SS'), 'Freefall');


--Bookings
INSERT INTO F23_S001_T3_Bookings (BookingID, PassID, RideID, DateOfBooking, DateOfVisit, TimeOfArrival) VALUES ('BOOKING_3342', 'PASS_1009', 'RIDE_4522', TO_DATE('2023-09-08', 'YYYY-MM-DD'), TO_DATE('2023-09-24', 'YYYY-MM-DD'), TO_DATE('2023-09-24 09:50:55', 'YYYY-MM-DD HH24:MI:SS'));
INSERT INTO F23_S001_T3_Bookings (BookingID, PassID, RideID, DateOfBooking, DateOfVisit, TimeOfArrival) VALUES ('BOOKING_2048', 'PASS_1050', 'RIDE_3735', TO_DATE('2023-07-31', 'YYYY-MM-DD'), TO_DATE('2023-08-12', 'YYYY-MM-DD'), TO_DATE('2023-08-12 11:17:06', 'YYYY-MM-DD HH24:MI:SS'));
INSERT INTO F23_S001_T3_Bookings (BookingID, PassID, RideID, DateOfBooking, DateOfVisit, TimeOfArrival) VALUES ('BOOKING_9946', 'PASS_1159', 'RIDE_1728', TO_DATE('2022-08-14', 'YYYY-MM-DD'), TO_DATE('2022-09-04', 'YYYY-MM-DD'), TO_DATE('2022-09-04 11:20:40', 'YYYY-MM-DD HH24:MI:SS'));
INSERT INTO F23_S001_T3_Bookings (BookingID, PassID, RideID, DateOfBooking, DateOfVisit, TimeOfArrival) VALUES ('BOOKING_5407', 'PASS_1276', 'RIDE_5815', TO_DATE('2022-09-15', 'YYYY-MM-DD'), TO_DATE('2022-09-24', 'YYYY-MM-DD'), TO_DATE('2022-09-24 11:25:59', 'YYYY-MM-DD HH24:MI:SS'));
INSERT INTO F23_S001_T3_Bookings (BookingID, PassID, RideID, DateOfBooking, DateOfVisit, TimeOfArrival) VALUES ('BOOKING_4361', 'PASS_1371', 'RIDE_6536', TO_DATE('2022-01-13', 'YYYY-MM-DD'), TO_DATE('2022-01-17', 'YYYY-MM-DD'), TO_DATE('2022-01-17 11:25:57', 'YYYY-MM-DD HH24:MI:SS'));
INSERT INTO F23_S001_T3_Bookings (BookingID, PassID, RideID, DateOfBooking, DateOfVisit, TimeOfArrival) VALUES ('BOOKING_4977', 'PASS_1433', 'RIDE_1889', TO_DATE('2021-12-10', 'YYYY-MM-DD'), TO_DATE('2022-01-03', 'YYYY-MM-DD'), TO_DATE('2022-01-03 11:41:06', 'YYYY-MM-DD HH24:MI:SS'));
INSERT INTO F23_S001_T3_Bookings (BookingID, PassID, RideID, DateOfBooking, DateOfVisit, TimeOfArrival) VALUES ('BOOKING_5479', 'PASS_1476', 'RIDE_2114', TO_DATE('2022-12-11', 'YYYY-MM-DD'), TO_DATE('2023-01-05', 'YYYY-MM-DD'), TO_DATE('2023-01-05 17:56:47', 'YYYY-MM-DD HH24:MI:SS'));
INSERT INTO F23_S001_T3_Bookings (BookingID, PassID, RideID, DateOfBooking, DateOfVisit, TimeOfArrival) VALUES ('BOOKING_3575', 'PASS_1754', 'RIDE_9414', TO_DATE('2023-02-13', 'YYYY-MM-DD'), TO_DATE('2023-02-25', 'YYYY-MM-DD'), TO_DATE('2023-02-25 18:40:24', 'YYYY-MM-DD HH24:MI:SS'));
INSERT INTO F23_S001_T3_Bookings (BookingID, PassID, RideID, DateOfBooking, DateOfVisit, TimeOfArrival) VALUES ('BOOKING_3178', 'PASS_1908', 'RIDE_4273', TO_DATE('2022-06-11', 'YYYY-MM-DD'), TO_DATE('2022-07-10', 'YYYY-MM-DD'), TO_DATE('2022-07-10 16:38:10', 'YYYY-MM-DD HH24:MI:SS'));
INSERT INTO F23_S001_T3_Bookings (BookingID, PassID, RideID, DateOfBooking, DateOfVisit, TimeOfArrival) VALUES ('BOOKING_4542', 'PASS_2201', 'RIDE_6852', TO_DATE('2022-08-09', 'YYYY-MM-DD'), TO_DATE('2022-08-21', 'YYYY-MM-DD'), TO_DATE('2022-08-21 11:48:44', 'YYYY-MM-DD HH24:MI:SS'));
INSERT INTO F23_S001_T3_Bookings (BookingID, PassID, RideID, DateOfBooking, DateOfVisit, TimeOfArrival) VALUES ('BOOKING_7503', 'PASS_2484', 'RIDE_2735', TO_DATE('2023-10-05', 'YYYY-MM-DD'), TO_DATE('2023-10-31', 'YYYY-MM-DD'), TO_DATE('2023-10-31 13:29:25', 'YYYY-MM-DD HH24:MI:SS'));
INSERT INTO F23_S001_T3_Bookings (BookingID, PassID, RideID, DateOfBooking, DateOfVisit, TimeOfArrival) VALUES ('BOOKING_9885', 'PASS_2615', 'RIDE_9595', TO_DATE('2022-03-21', 'YYYY-MM-DD'), TO_DATE('2022-04-03', 'YYYY-MM-DD'), TO_DATE('2022-04-03 10:49:44', 'YYYY-MM-DD HH24:MI:SS'));
INSERT INTO F23_S001_T3_Bookings (BookingID, PassID, RideID, DateOfBooking, DateOfVisit, TimeOfArrival) VALUES ('BOOKING_7455', 'PASS_2792', 'RIDE_2745', TO_DATE('2023-11-21', 'YYYY-MM-DD'), TO_DATE('2023-11-28', 'YYYY-MM-DD'), TO_DATE('2023-11-28 13:18:07', 'YYYY-MM-DD HH24:MI:SS'));
INSERT INTO F23_S001_T3_Bookings (BookingID, PassID, RideID, DateOfBooking, DateOfVisit, TimeOfArrival) VALUES ('BOOKING_1544', 'PASS_2968', 'RIDE_4922', TO_DATE('2023-01-17', 'YYYY-MM-DD'), TO_DATE('2023-01-24', 'YYYY-MM-DD'), TO_DATE('2023-01-24 09:59:07', 'YYYY-MM-DD HH24:MI:SS'));
INSERT INTO F23_S001_T3_Bookings (BookingID, PassID, RideID, DateOfBooking, DateOfVisit, TimeOfArrival) VALUES ('BOOKING_9331', 'PASS_3352', 'RIDE_1955', TO_DATE('2022-03-08', 'YYYY-MM-DD'), TO_DATE('2022-03-17', 'YYYY-MM-DD'), TO_DATE('2022-03-17 17:24:18', 'YYYY-MM-DD HH24:MI:SS'));
INSERT INTO F23_S001_T3_Bookings (BookingID, PassID, RideID, DateOfBooking, DateOfVisit, TimeOfArrival) VALUES ('BOOKING_4156', 'PASS_3436', 'RIDE_5593', TO_DATE('2022-10-22', 'YYYY-MM-DD'), TO_DATE('2022-11-12', 'YYYY-MM-DD'), TO_DATE('2022-11-12 09:36:40', 'YYYY-MM-DD HH24:MI:SS'));
INSERT INTO F23_S001_T3_Bookings (BookingID, PassID, RideID, DateOfBooking, DateOfVisit, TimeOfArrival) VALUES ('BOOKING_9877', 'PASS_3543', 'RIDE_7344', TO_DATE('2023-12-17', 'YYYY-MM-DD'), TO_DATE('2023-12-29', 'YYYY-MM-DD'), TO_DATE('2023-12-29 15:22:00', 'YYYY-MM-DD HH24:MI:SS'));
INSERT INTO F23_S001_T3_Bookings (BookingID, PassID, RideID, DateOfBooking, DateOfVisit, TimeOfArrival) VALUES ('BOOKING_9369', 'PASS_3668', 'RIDE_8015', TO_DATE('2023-02-19', 'YYYY-MM-DD'), TO_DATE('2023-03-13', 'YYYY-MM-DD'), TO_DATE('2023-03-13 16:04:03', 'YYYY-MM-DD HH24:MI:SS'));
INSERT INTO F23_S001_T3_Bookings (BookingID, PassID, RideID, DateOfBooking, DateOfVisit, TimeOfArrival) VALUES ('BOOKING_4342', 'PASS_3732', 'RIDE_3047', TO_DATE('2022-08-01', 'YYYY-MM-DD'), TO_DATE('2022-08-05', 'YYYY-MM-DD'), TO_DATE('2022-08-05 10:54:45', 'YYYY-MM-DD HH24:MI:SS'));
INSERT INTO F23_S001_T3_Bookings (BookingID, PassID, RideID, DateOfBooking, DateOfVisit, TimeOfArrival) VALUES ('BOOKING_3195', 'PASS_3836', 'RIDE_7963', TO_DATE('2022-08-09', 'YYYY-MM-DD'), TO_DATE('2022-08-18', 'YYYY-MM-DD'), TO_DATE('2022-08-18 16:57:05', 'YYYY-MM-DD HH24:MI:SS'));
INSERT INTO F23_S001_T3_Bookings (BookingID, PassID, RideID, DateOfBooking, DateOfVisit, TimeOfArrival) VALUES ('BOOKING_3271', 'PASS_4065', 'RIDE_2907', TO_DATE('2023-11-28', 'YYYY-MM-DD'), TO_DATE('2023-12-25', 'YYYY-MM-DD'), TO_DATE('2023-12-25 12:14:05', 'YYYY-MM-DD HH24:MI:SS'));
INSERT INTO F23_S001_T3_Bookings (BookingID, PassID, RideID, DateOfBooking, DateOfVisit, TimeOfArrival) VALUES ('BOOKING_7986', 'PASS_4349', 'RIDE_6967', TO_DATE('2023-01-30', 'YYYY-MM-DD'), TO_DATE('2023-02-03', 'YYYY-MM-DD'), TO_DATE('2023-02-03 09:01:30', 'YYYY-MM-DD HH24:MI:SS'));
INSERT INTO F23_S001_T3_Bookings (BookingID, PassID, RideID, DateOfBooking, DateOfVisit, TimeOfArrival) VALUES ('BOOKING_5215', 'PASS_4420', 'RIDE_9458', TO_DATE('2022-11-16', 'YYYY-MM-DD'), TO_DATE('2022-11-18', 'YYYY-MM-DD'), TO_DATE('2022-11-18 09:34:26', 'YYYY-MM-DD HH24:MI:SS'));
INSERT INTO F23_S001_T3_Bookings (BookingID, PassID, RideID, DateOfBooking, DateOfVisit, TimeOfArrival) VALUES ('BOOKING_5262', 'PASS_4438', 'RIDE_4936', TO_DATE('2022-06-13', 'YYYY-MM-DD'), TO_DATE('2022-06-27', 'YYYY-MM-DD'), TO_DATE('2022-06-27 11:13:05', 'YYYY-MM-DD HH24:MI:SS'));
INSERT INTO F23_S001_T3_Bookings (BookingID, PassID, RideID, DateOfBooking, DateOfVisit, TimeOfArrival) VALUES ('BOOKING_1314', 'PASS_4452', 'RIDE_7925', TO_DATE('2023-04-26', 'YYYY-MM-DD'), TO_DATE('2023-05-06', 'YYYY-MM-DD'), TO_DATE('2023-05-06 17:25:28', 'YYYY-MM-DD HH24:MI:SS'));
INSERT INTO F23_S001_T3_Bookings (BookingID, PassID, RideID, DateOfBooking, DateOfVisit, TimeOfArrival) VALUES ('BOOKING_8801', 'PASS_4533', 'RIDE_4967', TO_DATE('2023-03-20', 'YYYY-MM-DD'), TO_DATE('2023-03-26', 'YYYY-MM-DD'), TO_DATE('2023-03-26 14:35:06', 'YYYY-MM-DD HH24:MI:SS'));
INSERT INTO F23_S001_T3_Bookings (BookingID, PassID, RideID, DateOfBooking, DateOfVisit, TimeOfArrival) VALUES ('BOOKING_8294', 'PASS_4578', 'RIDE_4810', TO_DATE('2021-12-27', 'YYYY-MM-DD'), TO_DATE('2022-01-19', 'YYYY-MM-DD'), TO_DATE('2022-01-19 11:52:16', 'YYYY-MM-DD HH24:MI:SS'));
INSERT INTO F23_S001_T3_Bookings (BookingID, PassID, RideID, DateOfBooking, DateOfVisit, TimeOfArrival) VALUES ('BOOKING_2415', 'PASS_4736', 'RIDE_6418', TO_DATE('2022-05-05', 'YYYY-MM-DD'), TO_DATE('2022-05-15', 'YYYY-MM-DD'), TO_DATE('2022-05-15 12:07:13', 'YYYY-MM-DD HH24:MI:SS'));
INSERT INTO F23_S001_T3_Bookings (BookingID, PassID, RideID, DateOfBooking, DateOfVisit, TimeOfArrival) VALUES ('BOOKING_7075', 'PASS_4745', 'RIDE_5457', TO_DATE('2022-09-18', 'YYYY-MM-DD'), TO_DATE('2022-10-09', 'YYYY-MM-DD'), TO_DATE('2022-10-09 12:21:11', 'YYYY-MM-DD HH24:MI:SS'));
INSERT INTO F23_S001_T3_Bookings (BookingID, PassID, RideID, DateOfBooking, DateOfVisit, TimeOfArrival) VALUES ('BOOKING_3325', 'PASS_4757', 'RIDE_9101', TO_DATE('2023-10-08', 'YYYY-MM-DD'), TO_DATE('2023-10-20', 'YYYY-MM-DD'), TO_DATE('2023-10-20 08:13:29', 'YYYY-MM-DD HH24:MI:SS'));
INSERT INTO F23_S001_T3_Bookings (BookingID, PassID, RideID, DateOfBooking, DateOfVisit, TimeOfArrival) VALUES ('BOOKING_3225', 'PASS_4776', 'RIDE_1475', TO_DATE('2023-03-04', 'YYYY-MM-DD'), TO_DATE('2023-03-15', 'YYYY-MM-DD'), TO_DATE('2023-03-15 17:09:12', 'YYYY-MM-DD HH24:MI:SS'));
INSERT INTO F23_S001_T3_Bookings (BookingID, PassID, RideID, DateOfBooking, DateOfVisit, TimeOfArrival) VALUES ('BOOKING_2285', 'PASS_4893', 'RIDE_6677', TO_DATE('2022-04-14', 'YYYY-MM-DD'), TO_DATE('2022-05-11', 'YYYY-MM-DD'), TO_DATE('2022-05-11 18:05:43', 'YYYY-MM-DD HH24:MI:SS'));
INSERT INTO F23_S001_T3_Bookings (BookingID, PassID, RideID, DateOfBooking, DateOfVisit, TimeOfArrival) VALUES ('BOOKING_8415', 'PASS_4997', 'RIDE_7591', TO_DATE('2022-06-30', 'YYYY-MM-DD'), TO_DATE('2022-07-30', 'YYYY-MM-DD'), TO_DATE('2022-07-30 18:03:38', 'YYYY-MM-DD HH24:MI:SS'));
INSERT INTO F23_S001_T3_Bookings (BookingID, PassID, RideID, DateOfBooking, DateOfVisit, TimeOfArrival) VALUES ('BOOKING_9041', 'PASS_5167', 'RIDE_9652', TO_DATE('2022-01-03', 'YYYY-MM-DD'), TO_DATE('2022-01-30', 'YYYY-MM-DD'), TO_DATE('2022-01-30 17:20:33', 'YYYY-MM-DD HH24:MI:SS'));
INSERT INTO F23_S001_T3_Bookings (BookingID, PassID, RideID, DateOfBooking, DateOfVisit, TimeOfArrival) VALUES ('BOOKING_3860', 'PASS_5672', 'RIDE_1437', TO_DATE('2022-01-19', 'YYYY-MM-DD'), TO_DATE('2022-01-29', 'YYYY-MM-DD'), TO_DATE('2022-01-29 08:28:24', 'YYYY-MM-DD HH24:MI:SS'));
INSERT INTO F23_S001_T3_Bookings (BookingID, PassID, RideID, DateOfBooking, DateOfVisit, TimeOfArrival) VALUES ('BOOKING_4033', 'PASS_5883', 'RIDE_9438', TO_DATE('2022-04-22', 'YYYY-MM-DD'), TO_DATE('2022-04-29', 'YYYY-MM-DD'), TO_DATE('2022-04-29 14:41:03', 'YYYY-MM-DD HH24:MI:SS'));
INSERT INTO F23_S001_T3_Bookings (BookingID, PassID, RideID, DateOfBooking, DateOfVisit, TimeOfArrival) VALUES ('BOOKING_7396', 'PASS_6009', 'RIDE_1615', TO_DATE('2023-01-28', 'YYYY-MM-DD'), TO_DATE('2023-02-06', 'YYYY-MM-DD'), TO_DATE('2023-02-06 10:36:34', 'YYYY-MM-DD HH24:MI:SS'));
INSERT INTO F23_S001_T3_Bookings (BookingID, PassID, RideID, DateOfBooking, DateOfVisit, TimeOfArrival) VALUES ('BOOKING_8216', 'PASS_6240', 'RIDE_8929', TO_DATE('2022-04-28', 'YYYY-MM-DD'), TO_DATE('2022-05-24', 'YYYY-MM-DD'), TO_DATE('2022-05-24 17:43:02', 'YYYY-MM-DD HH24:MI:SS'));
INSERT INTO F23_S001_T3_Bookings (BookingID, PassID, RideID, DateOfBooking, DateOfVisit, TimeOfArrival) VALUES ('BOOKING_7300', 'PASS_6320', 'RIDE_6478', TO_DATE('2021-12-22', 'YYYY-MM-DD'), TO_DATE('2022-01-01', 'YYYY-MM-DD'), TO_DATE('2022-01-01 11:53:19', 'YYYY-MM-DD HH24:MI:SS'));
INSERT INTO F23_S001_T3_Bookings (BookingID, PassID, RideID, DateOfBooking, DateOfVisit, TimeOfArrival) VALUES ('BOOKING_1249', 'PASS_6385', 'RIDE_6138', TO_DATE('2023-10-25', 'YYYY-MM-DD'), TO_DATE('2023-11-13', 'YYYY-MM-DD'), TO_DATE('2023-11-13 14:34:55', 'YYYY-MM-DD HH24:MI:SS'));
INSERT INTO F23_S001_T3_Bookings (BookingID, PassID, RideID, DateOfBooking, DateOfVisit, TimeOfArrival) VALUES ('BOOKING_1880', 'PASS_6409', 'RIDE_1932', TO_DATE('2023-08-03', 'YYYY-MM-DD'), TO_DATE('2023-08-18', 'YYYY-MM-DD'), TO_DATE('2023-08-18 16:34:54', 'YYYY-MM-DD HH24:MI:SS'));
INSERT INTO F23_S001_T3_Bookings (BookingID, PassID, RideID, DateOfBooking, DateOfVisit, TimeOfArrival) VALUES ('BOOKING_4297', 'PASS_6583', 'RIDE_5981', TO_DATE('2023-01-08', 'YYYY-MM-DD'), TO_DATE('2023-01-11', 'YYYY-MM-DD'), TO_DATE('2023-01-11 17:09:27', 'YYYY-MM-DD HH24:MI:SS'));
INSERT INTO F23_S001_T3_Bookings (BookingID, PassID, RideID, DateOfBooking, DateOfVisit, TimeOfArrival) VALUES ('BOOKING_1435', 'PASS_6649', 'RIDE_8581', TO_DATE('2022-06-17', 'YYYY-MM-DD'), TO_DATE('2022-06-30', 'YYYY-MM-DD'), TO_DATE('2022-06-30 16:40:33', 'YYYY-MM-DD HH24:MI:SS'));
INSERT INTO F23_S001_T3_Bookings (BookingID, PassID, RideID, DateOfBooking, DateOfVisit, TimeOfArrival) VALUES ('BOOKING_2682', 'PASS_6728', 'RIDE_1086', TO_DATE('2022-05-25', 'YYYY-MM-DD'), TO_DATE('2022-06-19', 'YYYY-MM-DD'), TO_DATE('2022-06-19 15:50:08', 'YYYY-MM-DD HH24:MI:SS'));
INSERT INTO F23_S001_T3_Bookings (BookingID, PassID, RideID, DateOfBooking, DateOfVisit, TimeOfArrival) VALUES ('BOOKING_1421', 'PASS_6750', 'RIDE_9655', TO_DATE('2023-03-22', 'YYYY-MM-DD'), TO_DATE('2023-04-05', 'YYYY-MM-DD'), TO_DATE('2023-04-05 18:33:23', 'YYYY-MM-DD HH24:MI:SS'));
INSERT INTO F23_S001_T3_Bookings (BookingID, PassID, RideID, DateOfBooking, DateOfVisit, TimeOfArrival) VALUES ('BOOKING_9575', 'PASS_6843', 'RIDE_6698', TO_DATE('2022-09-22', 'YYYY-MM-DD'), TO_DATE('2022-10-13', 'YYYY-MM-DD'), TO_DATE('2022-10-13 10:48:00', 'YYYY-MM-DD HH24:MI:SS'));
INSERT INTO F23_S001_T3_Bookings (BookingID, PassID, RideID, DateOfBooking, DateOfVisit, TimeOfArrival) VALUES ('BOOKING_5197', 'PASS_6941', 'RIDE_6590', TO_DATE('2022-11-06', 'YYYY-MM-DD'), TO_DATE('2022-11-20', 'YYYY-MM-DD'), TO_DATE('2022-11-20 10:51:53', 'YYYY-MM-DD HH24:MI:SS'));
INSERT INTO F23_S001_T3_Bookings (BookingID, PassID, RideID, DateOfBooking, DateOfVisit, TimeOfArrival) VALUES ('BOOKING_2040', 'PASS_6950', 'RIDE_1145', TO_DATE('2022-02-23', 'YYYY-MM-DD'), TO_DATE('2022-03-18', 'YYYY-MM-DD'), TO_DATE('2022-03-18 12:35:07', 'YYYY-MM-DD HH24:MI:SS'));
INSERT INTO F23_S001_T3_Bookings (BookingID, PassID, RideID, DateOfBooking, DateOfVisit, TimeOfArrival) VALUES ('BOOKING_4083', 'PASS_6975', 'RIDE_5683', TO_DATE('2022-07-17', 'YYYY-MM-DD'), TO_DATE('2022-07-26', 'YYYY-MM-DD'), TO_DATE('2022-07-26 17:22:03', 'YYYY-MM-DD HH24:MI:SS'));
INSERT INTO F23_S001_T3_Bookings (BookingID, PassID, RideID, DateOfBooking, DateOfVisit, TimeOfArrival) VALUES ('BOOKING_3477', 'PASS_7036', 'RIDE_8821', TO_DATE('2023-06-03', 'YYYY-MM-DD'), TO_DATE('2023-06-23', 'YYYY-MM-DD'), TO_DATE('2023-06-23 16:07:58', 'YYYY-MM-DD HH24:MI:SS'));
INSERT INTO F23_S001_T3_Bookings (BookingID, PassID, RideID, DateOfBooking, DateOfVisit, TimeOfArrival) VALUES ('BOOKING_7038', 'PASS_7094', 'RIDE_5467', TO_DATE('2023-08-25', 'YYYY-MM-DD'), TO_DATE('2023-09-10', 'YYYY-MM-DD'), TO_DATE('2023-09-10 09:05:14', 'YYYY-MM-DD HH24:MI:SS'));
INSERT INTO F23_S001_T3_Bookings (BookingID, PassID, RideID, DateOfBooking, DateOfVisit, TimeOfArrival) VALUES ('BOOKING_1131', 'PASS_7095', 'RIDE_8226', TO_DATE('2022-10-23', 'YYYY-MM-DD'), TO_DATE('2022-10-27', 'YYYY-MM-DD'), TO_DATE('2022-10-27 13:26:06', 'YYYY-MM-DD HH24:MI:SS'));
INSERT INTO F23_S001_T3_Bookings (BookingID, PassID, RideID, DateOfBooking, DateOfVisit, TimeOfArrival) VALUES ('BOOKING_4025', 'PASS_7173', 'RIDE_8505', TO_DATE('2022-07-19', 'YYYY-MM-DD'), TO_DATE('2022-07-29', 'YYYY-MM-DD'), TO_DATE('2022-07-29 14:43:26', 'YYYY-MM-DD HH24:MI:SS'));
INSERT INTO F23_S001_T3_Bookings (BookingID, PassID, RideID, DateOfBooking, DateOfVisit, TimeOfArrival) VALUES ('BOOKING_2409', 'PASS_7185', 'RIDE_4579', TO_DATE('2023-10-06', 'YYYY-MM-DD'), TO_DATE('2023-11-01', 'YYYY-MM-DD'), TO_DATE('2023-11-01 16:47:43', 'YYYY-MM-DD HH24:MI:SS'));
INSERT INTO F23_S001_T3_Bookings (BookingID, PassID, RideID, DateOfBooking, DateOfVisit, TimeOfArrival) VALUES ('BOOKING_7168', 'PASS_7315', 'RIDE_2361', TO_DATE('2023-11-13', 'YYYY-MM-DD'), TO_DATE('2023-11-24', 'YYYY-MM-DD'), TO_DATE('2023-11-24 11:44:52', 'YYYY-MM-DD HH24:MI:SS'));
INSERT INTO F23_S001_T3_Bookings (BookingID, PassID, RideID, DateOfBooking, DateOfVisit, TimeOfArrival) VALUES ('BOOKING_5304', 'PASS_7324', 'RIDE_2495', TO_DATE('2022-01-09', 'YYYY-MM-DD'), TO_DATE('2022-01-11', 'YYYY-MM-DD'), TO_DATE('2022-01-11 18:51:47', 'YYYY-MM-DD HH24:MI:SS'));
INSERT INTO F23_S001_T3_Bookings (BookingID, PassID, RideID, DateOfBooking, DateOfVisit, TimeOfArrival) VALUES ('BOOKING_4163', 'PASS_7408', 'RIDE_8366', TO_DATE('2022-04-29', 'YYYY-MM-DD'), TO_DATE('2022-04-30', 'YYYY-MM-DD'), TO_DATE('2022-04-30 09:56:49', 'YYYY-MM-DD HH24:MI:SS'));
INSERT INTO F23_S001_T3_Bookings (BookingID, PassID, RideID, DateOfBooking, DateOfVisit, TimeOfArrival) VALUES ('BOOKING_9039', 'PASS_7603', 'RIDE_9896', TO_DATE('2023-04-08', 'YYYY-MM-DD'), TO_DATE('2023-04-09', 'YYYY-MM-DD'), TO_DATE('2023-04-09 14:09:59', 'YYYY-MM-DD HH24:MI:SS'));
INSERT INTO F23_S001_T3_Bookings (BookingID, PassID, RideID, DateOfBooking, DateOfVisit, TimeOfArrival) VALUES ('BOOKING_3184', 'PASS_7606', 'RIDE_1498', TO_DATE('2023-09-11', 'YYYY-MM-DD'), TO_DATE('2023-09-14', 'YYYY-MM-DD'), TO_DATE('2023-09-14 17:24:52', 'YYYY-MM-DD HH24:MI:SS'));
INSERT INTO F23_S001_T3_Bookings (BookingID, PassID, RideID, DateOfBooking, DateOfVisit, TimeOfArrival) VALUES ('BOOKING_7329', 'PASS_7688', 'RIDE_3083', TO_DATE('2023-02-12', 'YYYY-MM-DD'), TO_DATE('2023-03-06', 'YYYY-MM-DD'), TO_DATE('2023-03-06 08:30:01', 'YYYY-MM-DD HH24:MI:SS'));
INSERT INTO F23_S001_T3_Bookings (BookingID, PassID, RideID, DateOfBooking, DateOfVisit, TimeOfArrival) VALUES ('BOOKING_3901', 'PASS_7761', 'RIDE_2814', TO_DATE('2022-06-11', 'YYYY-MM-DD'), TO_DATE('2022-06-16', 'YYYY-MM-DD'), TO_DATE('2022-06-16 18:06:20', 'YYYY-MM-DD HH24:MI:SS'));
INSERT INTO F23_S001_T3_Bookings (BookingID, PassID, RideID, DateOfBooking, DateOfVisit, TimeOfArrival) VALUES ('BOOKING_3634', 'PASS_7896', 'RIDE_5717', TO_DATE('2022-07-20', 'YYYY-MM-DD'), TO_DATE('2022-07-26', 'YYYY-MM-DD'), TO_DATE('2022-07-26 12:44:11', 'YYYY-MM-DD HH24:MI:SS'));
INSERT INTO F23_S001_T3_Bookings (BookingID, PassID, RideID, DateOfBooking, DateOfVisit, TimeOfArrival) VALUES ('BOOKING_1737', 'PASS_7991', 'RIDE_6651', TO_DATE('2022-07-06', 'YYYY-MM-DD'), TO_DATE('2022-07-21', 'YYYY-MM-DD'), TO_DATE('2022-07-21 16:41:22', 'YYYY-MM-DD HH24:MI:SS'));
INSERT INTO F23_S001_T3_Bookings (BookingID, PassID, RideID, DateOfBooking, DateOfVisit, TimeOfArrival) VALUES ('BOOKING_6221', 'PASS_8169', 'RIDE_3092', TO_DATE('2023-03-28', 'YYYY-MM-DD'), TO_DATE('2023-04-20', 'YYYY-MM-DD'), TO_DATE('2023-04-20 17:13:48', 'YYYY-MM-DD HH24:MI:SS'));
INSERT INTO F23_S001_T3_Bookings (BookingID, PassID, RideID, DateOfBooking, DateOfVisit, TimeOfArrival) VALUES ('BOOKING_4454', 'PASS_8431', 'RIDE_1219', TO_DATE('2023-03-19', 'YYYY-MM-DD'), TO_DATE('2023-04-14', 'YYYY-MM-DD'), TO_DATE('2023-04-14 08:10:12', 'YYYY-MM-DD HH24:MI:SS'));
INSERT INTO F23_S001_T3_Bookings (BookingID, PassID, RideID, DateOfBooking, DateOfVisit, TimeOfArrival) VALUES ('BOOKING_8163', 'PASS_8449', 'RIDE_1430', TO_DATE('2023-11-07', 'YYYY-MM-DD'), TO_DATE('2023-11-30', 'YYYY-MM-DD'), TO_DATE('2023-11-30 14:10:33', 'YYYY-MM-DD HH24:MI:SS'));
INSERT INTO F23_S001_T3_Bookings (BookingID, PassID, RideID, DateOfBooking, DateOfVisit, TimeOfArrival) VALUES ('BOOKING_5239', 'PASS_8888', 'RIDE_2991', TO_DATE('2022-12-29', 'YYYY-MM-DD'), TO_DATE('2023-01-01', 'YYYY-MM-DD'), TO_DATE('2023-01-01 17:35:10', 'YYYY-MM-DD HH24:MI:SS'));
INSERT INTO F23_S001_T3_Bookings (BookingID, PassID, RideID, DateOfBooking, DateOfVisit, TimeOfArrival) VALUES ('BOOKING_8085', 'PASS_9173', 'RIDE_8245', TO_DATE('2023-09-12', 'YYYY-MM-DD'), TO_DATE('2023-09-22', 'YYYY-MM-DD'), TO_DATE('2023-09-22 13:27:45', 'YYYY-MM-DD HH24:MI:SS'));
INSERT INTO F23_S001_T3_Bookings (BookingID, PassID, RideID, DateOfBooking, DateOfVisit, TimeOfArrival) VALUES ('BOOKING_5257', 'PASS_9337', 'RIDE_4425', TO_DATE('2022-10-19', 'YYYY-MM-DD'), TO_DATE('2022-10-21', 'YYYY-MM-DD'), TO_DATE('2022-10-21 16:20:50', 'YYYY-MM-DD HH24:MI:SS'));
INSERT INTO F23_S001_T3_Bookings (BookingID, PassID, RideID, DateOfBooking, DateOfVisit, TimeOfArrival) VALUES ('BOOKING_4628', 'PASS_9404', 'RIDE_7993', TO_DATE('2023-11-18', 'YYYY-MM-DD'), TO_DATE('2023-11-27', 'YYYY-MM-DD'), TO_DATE('2023-11-27 08:32:37', 'YYYY-MM-DD HH24:MI:SS'));
INSERT INTO F23_S001_T3_Bookings (BookingID, PassID, RideID, DateOfBooking, DateOfVisit, TimeOfArrival) VALUES ('BOOKING_6419', 'PASS_9585', 'RIDE_7685', TO_DATE('2023-04-06', 'YYYY-MM-DD'), TO_DATE('2023-04-18', 'YYYY-MM-DD'), TO_DATE('2023-04-18 17:31:13', 'YYYY-MM-DD HH24:MI:SS'));
INSERT INTO F23_S001_T3_Bookings (BookingID, PassID, RideID, DateOfBooking, DateOfVisit, TimeOfArrival) VALUES ('BOOKING_6651', 'PASS_9696', 'RIDE_1912', TO_DATE('2023-06-28', 'YYYY-MM-DD'), TO_DATE('2023-07-28', 'YYYY-MM-DD'), TO_DATE('2023-07-28 08:34:51', 'YYYY-MM-DD HH24:MI:SS'));
INSERT INTO F23_S001_T3_Bookings (BookingID, PassID, RideID, DateOfBooking, DateOfVisit, TimeOfArrival) VALUES ('BOOKING_3878', 'PASS_9706', 'RIDE_6544', TO_DATE('2022-08-04', 'YYYY-MM-DD'), TO_DATE('2022-08-15', 'YYYY-MM-DD'), TO_DATE('2022-08-15 12:45:14', 'YYYY-MM-DD HH24:MI:SS'));
INSERT INTO F23_S001_T3_Bookings (BookingID, PassID, RideID, DateOfBooking, DateOfVisit, TimeOfArrival) VALUES ('BOOKING_7591', 'PASS_9877', 'RIDE_2206', TO_DATE('2023-05-08', 'YYYY-MM-DD'), TO_DATE('2023-05-17', 'YYYY-MM-DD'), TO_DATE('2023-05-17 08:25:21', 'YYYY-MM-DD HH24:MI:SS'));



--RideSchedule
INSERT INTO F23_S001_T3_RideSchedule (ScheduleID, RideID, DateOfVisit, StartTime, EndTime) VALUES (243930, 'RIDE_4522', TO_DATE('2023-09-24','YYYY-MM-DD'), TO_TIMESTAMP('2023-09-24 11:46:31', 'YYYY-MM-DD HH24:MI:SS'), TO_TIMESTAMP('2023-09-24 14:07:31', 'YYYY-MM-DD HH24:MI:SS'));

INSERT INTO F23_S001_T3_RideSchedule (ScheduleID, RideID, DateOfVisit, StartTime, EndTime) VALUES (792350, 'RIDE_3735', TO_DATE('2023-08-12','YYYY-MM-DD'), TO_TIMESTAMP('2023-08-12 16:53:05', 'YYYY-MM-DD HH24:MI:SS'), TO_TIMESTAMP('2023-08-12 19:36:05', 'YYYY-MM-DD HH24:MI:SS'));

INSERT INTO F23_S001_T3_RideSchedule (ScheduleID, RideID, DateOfVisit, StartTime, EndTime) VALUES (553065, 'RIDE_1728', TO_DATE('2022-09-04','YYYY-MM-DD'), TO_TIMESTAMP('2022-09-04 22:54:37', 'YYYY-MM-DD HH24:MI:SS'), TO_TIMESTAMP('2022-09-04 23:27:37', 'YYYY-MM-DD HH24:MI:SS'));

INSERT INTO F23_S001_T3_RideSchedule (ScheduleID, RideID, DateOfVisit, StartTime, EndTime) VALUES (603450, 'RIDE_5815', TO_DATE('2022-09-24','YYYY-MM-DD'), TO_TIMESTAMP('2022-09-24 00:49:33', 'YYYY-MM-DD HH24:MI:SS'), TO_TIMESTAMP('2022-09-24 03:13:33', 'YYYY-MM-DD HH24:MI:SS'));

INSERT INTO F23_S001_T3_RideSchedule (ScheduleID, RideID, DateOfVisit, StartTime, EndTime) VALUES (125486, 'RIDE_6536', TO_DATE('2022-01-17','YYYY-MM-DD'), TO_TIMESTAMP('2022-01-17 16:51:34', 'YYYY-MM-DD HH24:MI:SS'), TO_TIMESTAMP('2022-01-17 17:46:34', 'YYYY-MM-DD HH24:MI:SS'));

INSERT INTO F23_S001_T3_RideSchedule (ScheduleID, RideID, DateOfVisit, StartTime, EndTime) VALUES (117846, 'RIDE_1889', TO_DATE('2022-01-03','YYYY-MM-DD'), TO_TIMESTAMP('2022-01-03 18:22:12', 'YYYY-MM-DD HH24:MI:SS'), TO_TIMESTAMP('2022-01-03 20:37:12', 'YYYY-MM-DD HH24:MI:SS'));

INSERT INTO F23_S001_T3_RideSchedule (ScheduleID, RideID, DateOfVisit, StartTime, EndTime) VALUES (490380, 'RIDE_2114', TO_DATE('2023-01-05','YYYY-MM-DD'), TO_TIMESTAMP('2023-01-05 18:14:22', 'YYYY-MM-DD HH24:MI:SS'), TO_TIMESTAMP('2023-01-05 19:42:22', 'YYYY-MM-DD HH24:MI:SS'));

INSERT INTO F23_S001_T3_RideSchedule (ScheduleID, RideID, DateOfVisit, StartTime, EndTime) VALUES (272613, 'RIDE_9414', TO_DATE('2023-02-25','YYYY-MM-DD'), TO_TIMESTAMP('2023-02-25 02:34:47', 'YYYY-MM-DD HH24:MI:SS'), TO_TIMESTAMP('2023-02-25 03:15:47', 'YYYY-MM-DD HH24:MI:SS'));

INSERT INTO F23_S001_T3_RideSchedule (ScheduleID, RideID, DateOfVisit, StartTime, EndTime) VALUES (427228, 'RIDE_4273', TO_DATE('2022-07-10','YYYY-MM-DD'), TO_TIMESTAMP('2022-07-10 07:19:07', 'YYYY-MM-DD HH24:MI:SS'), TO_TIMESTAMP('2022-07-10 09:47:07', 'YYYY-MM-DD HH24:MI:SS'));

INSERT INTO F23_S001_T3_RideSchedule (ScheduleID, RideID, DateOfVisit, StartTime, EndTime) VALUES (181149, 'RIDE_6852', TO_DATE('2022-08-21','YYYY-MM-DD'), TO_TIMESTAMP('2022-08-21 03:44:49', 'YYYY-MM-DD HH24:MI:SS'), TO_TIMESTAMP('2022-08-21 07:28:49', 'YYYY-MM-DD HH24:MI:SS'));

INSERT INTO F23_S001_T3_RideSchedule (ScheduleID, RideID, DateOfVisit, StartTime, EndTime) VALUES (357181, 'RIDE_2735', TO_DATE('2023-10-31','YYYY-MM-DD'), TO_TIMESTAMP('2023-10-31 05:05:05', 'YYYY-MM-DD HH24:MI:SS'), TO_TIMESTAMP('2023-10-31 07:02:05', 'YYYY-MM-DD HH24:MI:SS'));

INSERT INTO F23_S001_T3_RideSchedule (ScheduleID, RideID, DateOfVisit, StartTime, EndTime) VALUES (796298, 'RIDE_9595', TO_DATE('2022-04-03','YYYY-MM-DD'), TO_TIMESTAMP('2022-04-03 20:23:31', 'YYYY-MM-DD HH24:MI:SS'), TO_TIMESTAMP('2022-04-03 21:20:31', 'YYYY-MM-DD HH24:MI:SS'));

INSERT INTO F23_S001_T3_RideSchedule (ScheduleID, RideID, DateOfVisit, StartTime, EndTime) VALUES (62932, 'RIDE_2745', TO_DATE('2023-11-28','YYYY-MM-DD'), TO_TIMESTAMP('2023-11-28 11:19:58', 'YYYY-MM-DD HH24:MI:SS'), TO_TIMESTAMP('2023-11-28 12:50:58', 'YYYY-MM-DD HH24:MI:SS'));

INSERT INTO F23_S001_T3_RideSchedule (ScheduleID, RideID, DateOfVisit, StartTime, EndTime) VALUES (734773, 'RIDE_4922', TO_DATE('2023-01-24','YYYY-MM-DD'), TO_TIMESTAMP('2023-01-24 19:57:18', 'YYYY-MM-DD HH24:MI:SS'), TO_TIMESTAMP('2023-01-24 22:46:18', 'YYYY-MM-DD HH24:MI:SS'));

INSERT INTO F23_S001_T3_RideSchedule (ScheduleID, RideID, DateOfVisit, StartTime, EndTime) VALUES (389699, 'RIDE_1955', TO_DATE('2022-03-17','YYYY-MM-DD'), TO_TIMESTAMP('2022-03-17 19:34:35', 'YYYY-MM-DD HH24:MI:SS'), TO_TIMESTAMP('2022-03-17 22:07:35', 'YYYY-MM-DD HH24:MI:SS'));

INSERT INTO F23_S001_T3_RideSchedule (ScheduleID, RideID, DateOfVisit, StartTime, EndTime) VALUES (392599, 'RIDE_5593', TO_DATE('2022-11-12','YYYY-MM-DD'), TO_TIMESTAMP('2022-11-12 03:39:01', 'YYYY-MM-DD HH24:MI:SS'), TO_TIMESTAMP('2022-11-12 05:01:01', 'YYYY-MM-DD HH24:MI:SS'));

INSERT INTO F23_S001_T3_RideSchedule (ScheduleID, RideID, DateOfVisit, StartTime, EndTime) VALUES (175700, 'RIDE_7344', TO_DATE('2023-12-29','YYYY-MM-DD'), TO_TIMESTAMP('2023-12-29 01:00:39', 'YYYY-MM-DD HH24:MI:SS'), TO_TIMESTAMP('2023-12-29 04:48:39', 'YYYY-MM-DD HH24:MI:SS'));

INSERT INTO F23_S001_T3_RideSchedule (ScheduleID, RideID, DateOfVisit, StartTime, EndTime) VALUES (737509, 'RIDE_8015', TO_DATE('2023-03-13','YYYY-MM-DD'), TO_TIMESTAMP('2023-03-13 14:00:22', 'YYYY-MM-DD HH24:MI:SS'), TO_TIMESTAMP('2023-03-13 14:53:22', 'YYYY-MM-DD HH24:MI:SS'));

INSERT INTO F23_S001_T3_RideSchedule (ScheduleID, RideID, DateOfVisit, StartTime, EndTime) VALUES (425379, 'RIDE_3047', TO_DATE('2022-08-05','YYYY-MM-DD'), TO_TIMESTAMP('2022-08-05 15:04:23', 'YYYY-MM-DD HH24:MI:SS'), TO_TIMESTAMP('2022-08-05 16:31:23', 'YYYY-MM-DD HH24:MI:SS'));

INSERT INTO F23_S001_T3_RideSchedule (ScheduleID, RideID, DateOfVisit, StartTime, EndTime) VALUES (227229, 'RIDE_7963', TO_DATE('2022-08-18','YYYY-MM-DD'), TO_TIMESTAMP('2022-08-18 22:34:32', 'YYYY-MM-DD HH24:MI:SS'), TO_TIMESTAMP('2022-08-19 01:06:32', 'YYYY-MM-DD HH24:MI:SS'));

INSERT INTO F23_S001_T3_RideSchedule (ScheduleID, RideID, DateOfVisit, StartTime, EndTime) VALUES (523519, 'RIDE_2907', TO_DATE('2023-12-25','YYYY-MM-DD'), TO_TIMESTAMP('2023-12-25 02:12:23', 'YYYY-MM-DD HH24:MI:SS'), TO_TIMESTAMP('2023-12-25 04:34:23', 'YYYY-MM-DD HH24:MI:SS'));

INSERT INTO F23_S001_T3_RideSchedule (ScheduleID, RideID, DateOfVisit, StartTime, EndTime) VALUES (461999, 'RIDE_6967', TO_DATE('2023-02-03','YYYY-MM-DD'), TO_TIMESTAMP('2023-02-03 12:50:17', 'YYYY-MM-DD HH24:MI:SS'), TO_TIMESTAMP('2023-02-03 14:02:17', 'YYYY-MM-DD HH24:MI:SS'));

INSERT INTO F23_S001_T3_RideSchedule (ScheduleID, RideID, DateOfVisit, StartTime, EndTime) VALUES (46351, 'RIDE_9458', TO_DATE('2022-11-18','YYYY-MM-DD'), TO_TIMESTAMP('2022-11-18 12:20:51', 'YYYY-MM-DD HH24:MI:SS'), TO_TIMESTAMP('2022-11-18 12:51:51', 'YYYY-MM-DD HH24:MI:SS'));

INSERT INTO F23_S001_T3_RideSchedule (ScheduleID, RideID, DateOfVisit, StartTime, EndTime) VALUES (686825, 'RIDE_4936', TO_DATE('2022-06-27','YYYY-MM-DD'), TO_TIMESTAMP('2022-06-27 21:16:50', 'YYYY-MM-DD HH24:MI:SS'), TO_TIMESTAMP('2022-06-27 22:31:50', 'YYYY-MM-DD HH24:MI:SS'));

INSERT INTO F23_S001_T3_RideSchedule (ScheduleID, RideID, DateOfVisit, StartTime, EndTime) VALUES (681585, 'RIDE_7925', TO_DATE('2023-05-06','YYYY-MM-DD'), TO_TIMESTAMP('2023-05-06 18:09:00', 'YYYY-MM-DD HH24:MI:SS'), TO_TIMESTAMP('2023-05-06 20:16:00', 'YYYY-MM-DD HH24:MI:SS'));

INSERT INTO F23_S001_T3_RideSchedule (ScheduleID, RideID, DateOfVisit, StartTime, EndTime) VALUES (122701, 'RIDE_4967', TO_DATE('2023-03-26','YYYY-MM-DD'), TO_TIMESTAMP('2023-03-26 08:08:58', 'YYYY-MM-DD HH24:MI:SS'), TO_TIMESTAMP('2023-03-26 09:39:58', 'YYYY-MM-DD HH24:MI:SS'));

INSERT INTO F23_S001_T3_RideSchedule (ScheduleID, RideID, DateOfVisit, StartTime, EndTime) VALUES (502379, 'RIDE_4810', TO_DATE('2022-01-19','YYYY-MM-DD'), TO_TIMESTAMP('2022-01-19 03:54:56', 'YYYY-MM-DD HH24:MI:SS'), TO_TIMESTAMP('2022-01-19 04:47:56', 'YYYY-MM-DD HH24:MI:SS'));

INSERT INTO F23_S001_T3_RideSchedule (ScheduleID, RideID, DateOfVisit, StartTime, EndTime) VALUES (527867, 'RIDE_6418', TO_DATE('2022-05-15','YYYY-MM-DD'), TO_TIMESTAMP('2022-05-15 05:33:47', 'YYYY-MM-DD HH24:MI:SS'), TO_TIMESTAMP('2022-05-15 06:48:47', 'YYYY-MM-DD HH24:MI:SS'));

INSERT INTO F23_S001_T3_RideSchedule (ScheduleID, RideID, DateOfVisit, StartTime, EndTime) VALUES (103178, 'RIDE_5457', TO_DATE('2022-10-09','YYYY-MM-DD'), TO_TIMESTAMP('2022-10-09 04:33:40', 'YYYY-MM-DD HH24:MI:SS'), TO_TIMESTAMP('2022-10-09 06:26:40', 'YYYY-MM-DD HH24:MI:SS'));

INSERT INTO F23_S001_T3_RideSchedule (ScheduleID, RideID, DateOfVisit, StartTime, EndTime) VALUES (745506, 'RIDE_9101', TO_DATE('2023-10-20','YYYY-MM-DD'), TO_TIMESTAMP('2023-10-20 11:22:41', 'YYYY-MM-DD HH24:MI:SS'), TO_TIMESTAMP('2023-10-20 15:12:41', 'YYYY-MM-DD HH24:MI:SS'));

INSERT INTO F23_S001_T3_RideSchedule (ScheduleID, RideID, DateOfVisit, StartTime, EndTime) VALUES (145157, 'RIDE_1475', TO_DATE('2023-03-15','YYYY-MM-DD'), TO_TIMESTAMP('2023-03-15 11:35:54', 'YYYY-MM-DD HH24:MI:SS'), TO_TIMESTAMP('2023-03-15 14:58:54', 'YYYY-MM-DD HH24:MI:SS'));

INSERT INTO F23_S001_T3_RideSchedule (ScheduleID, RideID, DateOfVisit, StartTime, EndTime) VALUES (351370, 'RIDE_6677', TO_DATE('2022-05-11','YYYY-MM-DD'), TO_TIMESTAMP('2022-05-11 13:50:07', 'YYYY-MM-DD HH24:MI:SS'), TO_TIMESTAMP('2022-05-11 17:07:07', 'YYYY-MM-DD HH24:MI:SS'));

INSERT INTO F23_S001_T3_RideSchedule (ScheduleID, RideID, DateOfVisit, StartTime, EndTime) VALUES (533599, 'RIDE_7591', TO_DATE('2022-07-30','YYYY-MM-DD'), TO_TIMESTAMP('2022-07-30 11:37:06', 'YYYY-MM-DD HH24:MI:SS'), TO_TIMESTAMP('2022-07-30 15:04:06', 'YYYY-MM-DD HH24:MI:SS'));

INSERT INTO F23_S001_T3_RideSchedule (ScheduleID, RideID, DateOfVisit, StartTime, EndTime) VALUES (625805, 'RIDE_9652', TO_DATE('2022-01-30','YYYY-MM-DD'), TO_TIMESTAMP('2022-01-30 10:33:15', 'YYYY-MM-DD HH24:MI:SS'), TO_TIMESTAMP('2022-01-30 14:11:15', 'YYYY-MM-DD HH24:MI:SS'));

INSERT INTO F23_S001_T3_RideSchedule (ScheduleID, RideID, DateOfVisit, StartTime, EndTime) VALUES (35331, 'RIDE_1437', TO_DATE('2022-01-29','YYYY-MM-DD'), TO_TIMESTAMP('2022-01-29 11:58:23', 'YYYY-MM-DD HH24:MI:SS'), TO_TIMESTAMP('2022-01-29 15:14:23', 'YYYY-MM-DD HH24:MI:SS'));

INSERT INTO F23_S001_T3_RideSchedule (ScheduleID, RideID, DateOfVisit, StartTime, EndTime) VALUES (378745, 'RIDE_9438', TO_DATE('2022-04-29','YYYY-MM-DD'), TO_TIMESTAMP('2022-04-29 03:28:30', 'YYYY-MM-DD HH24:MI:SS'), TO_TIMESTAMP('2022-04-29 06:40:30', 'YYYY-MM-DD HH24:MI:SS'));

INSERT INTO F23_S001_T3_RideSchedule (ScheduleID, RideID, DateOfVisit, StartTime, EndTime) VALUES (100348, 'RIDE_1615', TO_DATE('2023-02-06','YYYY-MM-DD'), TO_TIMESTAMP('2023-02-06 01:48:14', 'YYYY-MM-DD HH24:MI:SS'), TO_TIMESTAMP('2023-02-06 05:40:14', 'YYYY-MM-DD HH24:MI:SS'));

INSERT INTO F23_S001_T3_RideSchedule (ScheduleID, RideID, DateOfVisit, StartTime, EndTime) VALUES (437817, 'RIDE_8929', TO_DATE('2022-05-24','YYYY-MM-DD'), TO_TIMESTAMP('2022-05-24 10:52:49', 'YYYY-MM-DD HH24:MI:SS'), TO_TIMESTAMP('2022-05-24 12:35:49', 'YYYY-MM-DD HH24:MI:SS'));

INSERT INTO F23_S001_T3_RideSchedule (ScheduleID, RideID, DateOfVisit, StartTime, EndTime) VALUES (153711, 'RIDE_6478', TO_DATE('2022-01-01','YYYY-MM-DD'), TO_TIMESTAMP('2022-01-01 12:34:33', 'YYYY-MM-DD HH24:MI:SS'), TO_TIMESTAMP('2022-01-01 14:49:33', 'YYYY-MM-DD HH24:MI:SS'));

INSERT INTO F23_S001_T3_RideSchedule (ScheduleID, RideID, DateOfVisit, StartTime, EndTime) VALUES (315052, 'RIDE_6138', TO_DATE('2023-11-13','YYYY-MM-DD'), TO_TIMESTAMP('2023-11-13 11:00:41', 'YYYY-MM-DD HH24:MI:SS'), TO_TIMESTAMP('2023-11-13 12:20:41', 'YYYY-MM-DD HH24:MI:SS'));

INSERT INTO F23_S001_T3_RideSchedule (ScheduleID, RideID, DateOfVisit, StartTime, EndTime) VALUES (496558, 'RIDE_1932', TO_DATE('2023-08-18','YYYY-MM-DD'), TO_TIMESTAMP('2023-08-18 03:44:12', 'YYYY-MM-DD HH24:MI:SS'), TO_TIMESTAMP('2023-08-18 04:50:12', 'YYYY-MM-DD HH24:MI:SS'));

INSERT INTO F23_S001_T3_RideSchedule (ScheduleID, RideID, DateOfVisit, StartTime, EndTime) VALUES (341491, 'RIDE_5981', TO_DATE('2023-01-11','YYYY-MM-DD'), TO_TIMESTAMP('2023-01-11 02:42:15', 'YYYY-MM-DD HH24:MI:SS'), TO_TIMESTAMP('2023-01-11 03:12:15', 'YYYY-MM-DD HH24:MI:SS'));

INSERT INTO F23_S001_T3_RideSchedule (ScheduleID, RideID, DateOfVisit, StartTime, EndTime) VALUES (740915, 'RIDE_8581', TO_DATE('2022-06-30','YYYY-MM-DD'), TO_TIMESTAMP('2022-06-30 03:39:45', 'YYYY-MM-DD HH24:MI:SS'), TO_TIMESTAMP('2022-06-30 07:32:45', 'YYYY-MM-DD HH24:MI:SS'));

INSERT INTO F23_S001_T3_RideSchedule (ScheduleID, RideID, DateOfVisit, StartTime, EndTime) VALUES (678480, 'RIDE_1086', TO_DATE('2022-06-19','YYYY-MM-DD'), TO_TIMESTAMP('2022-06-19 23:27:37', 'YYYY-MM-DD HH24:MI:SS'), TO_TIMESTAMP('2022-06-20 01:02:37', 'YYYY-MM-DD HH24:MI:SS'));

INSERT INTO F23_S001_T3_RideSchedule (ScheduleID, RideID, DateOfVisit, StartTime, EndTime) VALUES (184950, 'RIDE_9655', TO_DATE('2023-04-05','YYYY-MM-DD'), TO_TIMESTAMP('2023-04-05 02:52:49', 'YYYY-MM-DD HH24:MI:SS'), TO_TIMESTAMP('2023-04-05 03:49:49', 'YYYY-MM-DD HH24:MI:SS'));

INSERT INTO F23_S001_T3_RideSchedule (ScheduleID, RideID, DateOfVisit, StartTime, EndTime) VALUES (70308, 'RIDE_6698', TO_DATE('2022-10-13','YYYY-MM-DD'), TO_TIMESTAMP('2022-10-13 18:41:10', 'YYYY-MM-DD HH24:MI:SS'), TO_TIMESTAMP('2022-10-13 20:09:10', 'YYYY-MM-DD HH24:MI:SS'));

INSERT INTO F23_S001_T3_RideSchedule (ScheduleID, RideID, DateOfVisit, StartTime, EndTime) VALUES (560041, 'RIDE_6590', TO_DATE('2022-11-20','YYYY-MM-DD'), TO_TIMESTAMP('2022-11-20 07:47:50', 'YYYY-MM-DD HH24:MI:SS'), TO_TIMESTAMP('2022-11-20 09:58:50', 'YYYY-MM-DD HH24:MI:SS'));

INSERT INTO F23_S001_T3_RideSchedule (ScheduleID, RideID, DateOfVisit, StartTime, EndTime) VALUES (791222, 'RIDE_1145', TO_DATE('2022-03-18','YYYY-MM-DD'), TO_TIMESTAMP('2022-03-18 21:05:30', 'YYYY-MM-DD HH24:MI:SS'), TO_TIMESTAMP('2022-03-18 22:13:30', 'YYYY-MM-DD HH24:MI:SS'));

INSERT INTO F23_S001_T3_RideSchedule (ScheduleID, RideID, DateOfVisit, StartTime, EndTime) VALUES (354612, 'RIDE_5683', TO_DATE('2022-07-26','YYYY-MM-DD'), TO_TIMESTAMP('2022-07-26 09:56:11', 'YYYY-MM-DD HH24:MI:SS'), TO_TIMESTAMP('2022-07-26 10:52:11', 'YYYY-MM-DD HH24:MI:SS'));

INSERT INTO F23_S001_T3_RideSchedule (ScheduleID, RideID, DateOfVisit, StartTime, EndTime) VALUES (345685, 'RIDE_8821', TO_DATE('2023-06-23','YYYY-MM-DD'), TO_TIMESTAMP('2023-06-23 01:07:00', 'YYYY-MM-DD HH24:MI:SS'), TO_TIMESTAMP('2023-06-23 02:11:00', 'YYYY-MM-DD HH24:MI:SS'));

INSERT INTO F23_S001_T3_RideSchedule (ScheduleID, RideID, DateOfVisit, StartTime, EndTime) VALUES (136770, 'RIDE_5467', TO_DATE('2023-09-10','YYYY-MM-DD'), TO_TIMESTAMP('2023-09-10 13:35:28', 'YYYY-MM-DD HH24:MI:SS'), TO_TIMESTAMP('2023-09-10 14:36:28', 'YYYY-MM-DD HH24:MI:SS'));

INSERT INTO F23_S001_T3_RideSchedule (ScheduleID, RideID, DateOfVisit, StartTime, EndTime) VALUES (253258, 'RIDE_8226', TO_DATE('2022-10-27','YYYY-MM-DD'), TO_TIMESTAMP('2022-10-27 12:22:28', 'YYYY-MM-DD HH24:MI:SS'), TO_TIMESTAMP('2022-10-27 14:34:28', 'YYYY-MM-DD HH24:MI:SS'));

INSERT INTO F23_S001_T3_RideSchedule (ScheduleID, RideID, DateOfVisit, StartTime, EndTime) VALUES (587526, 'RIDE_8505', TO_DATE('2022-07-29','YYYY-MM-DD'), TO_TIMESTAMP('2022-07-29 17:19:30', 'YYYY-MM-DD HH24:MI:SS'), TO_TIMESTAMP('2022-07-29 17:49:30', 'YYYY-MM-DD HH24:MI:SS'));

INSERT INTO F23_S001_T3_RideSchedule (ScheduleID, RideID, DateOfVisit, StartTime, EndTime) VALUES (648699, 'RIDE_4579', TO_DATE('2023-11-01','YYYY-MM-DD'), TO_TIMESTAMP('2023-11-01 07:50:13', 'YYYY-MM-DD HH24:MI:SS'), TO_TIMESTAMP('2023-11-01 09:10:13', 'YYYY-MM-DD HH24:MI:SS'));

INSERT INTO F23_S001_T3_RideSchedule (ScheduleID, RideID, DateOfVisit, StartTime, EndTime) VALUES (494568, 'RIDE_2361', TO_DATE('2023-11-24','YYYY-MM-DD'), TO_TIMESTAMP('2023-11-24 06:41:25', 'YYYY-MM-DD HH24:MI:SS'), TO_TIMESTAMP('2023-11-24 09:38:25', 'YYYY-MM-DD HH24:MI:SS'));

INSERT INTO F23_S001_T3_RideSchedule (ScheduleID, RideID, DateOfVisit, StartTime, EndTime) VALUES (65225, 'RIDE_2495', TO_DATE('2022-01-11','YYYY-MM-DD'), TO_TIMESTAMP('2022-01-11 13:46:46', 'YYYY-MM-DD HH24:MI:SS'), TO_TIMESTAMP('2022-01-11 16:36:46', 'YYYY-MM-DD HH24:MI:SS'));

INSERT INTO F23_S001_T3_RideSchedule (ScheduleID, RideID, DateOfVisit, StartTime, EndTime) VALUES (41708, 'RIDE_8366', TO_DATE('2022-04-30','YYYY-MM-DD'), TO_TIMESTAMP('2022-04-30 19:01:55', 'YYYY-MM-DD HH24:MI:SS'), TO_TIMESTAMP('2022-04-30 19:57:55', 'YYYY-MM-DD HH24:MI:SS'));

INSERT INTO F23_S001_T3_RideSchedule (ScheduleID, RideID, DateOfVisit, StartTime, EndTime) VALUES (225354, 'RIDE_9896', TO_DATE('2023-04-09','YYYY-MM-DD'), TO_TIMESTAMP('2023-04-09 10:50:18', 'YYYY-MM-DD HH24:MI:SS'), TO_TIMESTAMP('2023-04-09 11:53:18', 'YYYY-MM-DD HH24:MI:SS'));

INSERT INTO F23_S001_T3_RideSchedule (ScheduleID, RideID, DateOfVisit, StartTime, EndTime) VALUES (310251, 'RIDE_1498', TO_DATE('2023-09-14','YYYY-MM-DD'), TO_TIMESTAMP('2023-09-14 11:32:48', 'YYYY-MM-DD HH24:MI:SS'), TO_TIMESTAMP('2023-09-14 12:48:48', 'YYYY-MM-DD HH24:MI:SS'));

INSERT INTO F23_S001_T3_RideSchedule (ScheduleID, RideID, DateOfVisit, StartTime, EndTime) VALUES (455987, 'RIDE_3083', TO_DATE('2023-03-06','YYYY-MM-DD'), TO_TIMESTAMP('2023-03-06 20:11:22', 'YYYY-MM-DD HH24:MI:SS'), TO_TIMESTAMP('2023-03-06 21:57:22', 'YYYY-MM-DD HH24:MI:SS'));

INSERT INTO F23_S001_T3_RideSchedule (ScheduleID, RideID, DateOfVisit, StartTime, EndTime) VALUES (434518, 'RIDE_2814', TO_DATE('2022-06-16','YYYY-MM-DD'), TO_TIMESTAMP('2022-06-16 16:54:20', 'YYYY-MM-DD HH24:MI:SS'), TO_TIMESTAMP('2022-06-16 17:43:20', 'YYYY-MM-DD HH24:MI:SS'));

INSERT INTO F23_S001_T3_RideSchedule (ScheduleID, RideID, DateOfVisit, StartTime, EndTime) VALUES (661949, 'RIDE_5717', TO_DATE('2022-07-26','YYYY-MM-DD'), TO_TIMESTAMP('2022-07-26 04:10:59', 'YYYY-MM-DD HH24:MI:SS'), TO_TIMESTAMP('2022-07-26 05:44:59', 'YYYY-MM-DD HH24:MI:SS'));

INSERT INTO F23_S001_T3_RideSchedule (ScheduleID, RideID, DateOfVisit, StartTime, EndTime) VALUES (613127, 'RIDE_6651', TO_DATE('2022-07-21','YYYY-MM-DD'), TO_TIMESTAMP('2022-07-21 07:07:19', 'YYYY-MM-DD HH24:MI:SS'), TO_TIMESTAMP('2022-07-21 07:37:19', 'YYYY-MM-DD HH24:MI:SS'));

INSERT INTO F23_S001_T3_RideSchedule (ScheduleID, RideID, DateOfVisit, StartTime, EndTime) VALUES (322098, 'RIDE_3092', TO_DATE('2023-04-20','YYYY-MM-DD'), TO_TIMESTAMP('2023-04-20 17:59:09', 'YYYY-MM-DD HH24:MI:SS'), TO_TIMESTAMP('2023-04-20 20:28:09', 'YYYY-MM-DD HH24:MI:SS'));

INSERT INTO F23_S001_T3_RideSchedule (ScheduleID, RideID, DateOfVisit, StartTime, EndTime) VALUES (136747, 'RIDE_1219', TO_DATE('2023-04-14','YYYY-MM-DD'), TO_TIMESTAMP('2023-04-14 10:33:28', 'YYYY-MM-DD HH24:MI:SS'), TO_TIMESTAMP('2023-04-14 14:09:28', 'YYYY-MM-DD HH24:MI:SS'));

INSERT INTO F23_S001_T3_RideSchedule (ScheduleID, RideID, DateOfVisit, StartTime, EndTime) VALUES (765019, 'RIDE_1430', TO_DATE('2023-11-30','YYYY-MM-DD'), TO_TIMESTAMP('2023-11-30 21:29:42', 'YYYY-MM-DD HH24:MI:SS'), TO_TIMESTAMP('2023-12-01 01:22:42', 'YYYY-MM-DD HH24:MI:SS'));

INSERT INTO F23_S001_T3_RideSchedule (ScheduleID, RideID, DateOfVisit, StartTime, EndTime) VALUES (439893, 'RIDE_2991', TO_DATE('2023-01-01','YYYY-MM-DD'), TO_TIMESTAMP('2023-01-01 00:01:25', 'YYYY-MM-DD HH24:MI:SS'), TO_TIMESTAMP('2023-01-01 02:04:25', 'YYYY-MM-DD HH24:MI:SS'));

INSERT INTO F23_S001_T3_RideSchedule (ScheduleID, RideID, DateOfVisit, StartTime, EndTime) VALUES (61601, 'RIDE_8245', TO_DATE('2023-09-22','YYYY-MM-DD'), TO_TIMESTAMP('2023-09-22 21:58:30', 'YYYY-MM-DD HH24:MI:SS'), TO_TIMESTAMP('2023-09-22 23:11:30', 'YYYY-MM-DD HH24:MI:SS'));

INSERT INTO F23_S001_T3_RideSchedule (ScheduleID, RideID, DateOfVisit, StartTime, EndTime) VALUES (202020, 'RIDE_4425', TO_DATE('2022-10-21','YYYY-MM-DD'), TO_TIMESTAMP('2022-10-21 07:25:32', 'YYYY-MM-DD HH24:MI:SS'), TO_TIMESTAMP('2022-10-21 08:42:32', 'YYYY-MM-DD HH24:MI:SS'));

INSERT INTO F23_S001_T3_RideSchedule (ScheduleID, RideID, DateOfVisit, StartTime, EndTime) VALUES (581208, 'RIDE_7993', TO_DATE('2023-11-27','YYYY-MM-DD'), TO_TIMESTAMP('2023-11-27 10:55:38', 'YYYY-MM-DD HH24:MI:SS'), TO_TIMESTAMP('2023-11-27 11:47:38', 'YYYY-MM-DD HH24:MI:SS'));

INSERT INTO F23_S001_T3_RideSchedule (ScheduleID, RideID, DateOfVisit, StartTime, EndTime) VALUES (580115, 'RIDE_7685', TO_DATE('2023-04-18','YYYY-MM-DD'), TO_TIMESTAMP('2023-04-18 15:49:04', 'YYYY-MM-DD HH24:MI:SS'), TO_TIMESTAMP('2023-04-18 19:29:04', 'YYYY-MM-DD HH24:MI:SS'));

INSERT INTO F23_S001_T3_RideSchedule (ScheduleID, RideID, DateOfVisit, StartTime, EndTime) VALUES (164068, 'RIDE_1912', TO_DATE('2023-07-28','YYYY-MM-DD'), TO_TIMESTAMP('2023-07-28 08:01:17', 'YYYY-MM-DD HH24:MI:SS'), TO_TIMESTAMP('2023-07-28 10:12:17', 'YYYY-MM-DD HH24:MI:SS'));

INSERT INTO F23_S001_T3_RideSchedule (ScheduleID, RideID, DateOfVisit, StartTime, EndTime) VALUES (361817, 'RIDE_6544', TO_DATE('2022-08-15','YYYY-MM-DD'), TO_TIMESTAMP('2022-08-15 09:36:17', 'YYYY-MM-DD HH24:MI:SS'), TO_TIMESTAMP('2022-08-15 10:35:17', 'YYYY-MM-DD HH24:MI:SS'));

INSERT INTO F23_S001_T3_RideSchedule (ScheduleID, RideID, DateOfVisit, StartTime, EndTime) VALUES (677621, 'RIDE_2206', TO_DATE('2023-05-17','YYYY-MM-DD'), TO_TIMESTAMP('2023-05-17 10:44:23', 'YYYY-MM-DD HH24:MI:SS'), TO_TIMESTAMP('2023-05-17 13:43:23', 'YYYY-MM-DD HH24:MI:SS'));


--Employee
INSERT INTO F23_S001_T3_Employee (EMPID, SSN, EMAIL, SALARY, DESIGNATION, ZONEID) VALUES
(101, '120-17-2055', 'Atharva.Patil@sixflagspark.com', 25000, 'Zone Manager', 1);

INSERT INTO F23_S001_T3_Employee (EMPID, SSN, EMAIL, SALARY, DESIGNATION, ZONEID) VALUES
(102, '611-95-6018', 'Shraddha.Jathar@sixflagspark.com', 28000, 'Zone Manager', 2);

INSERT INTO F23_S001_T3_Employee (EMPID, SSN, EMAIL, SALARY, DESIGNATION, ZONEID) VALUES
(103, '847-11-4219', 'Pratik.Sonwane@sixflagspark.com', 22000, 'Zone Manager', 3);

INSERT INTO F23_S001_T3_Employee (EMPID, SSN, EMAIL, SALARY, DESIGNATION, ZONEID) VALUES
(104, '813-17-4586', 'Rutujeet.Falmare@sixflagspark.com', 26000, 'Zone Manager', 4);

INSERT INTO F23_S001_T3_Employee (EMPID, SSN, EMAIL, SALARY, DESIGNATION, ZONEID) VALUES
(105, '919-55-1989', 'Juan.Zuniga@sixflagspark.com', 27000, 'Zone Manager', 5);

INSERT INTO F23_S001_T3_Employee (EMPID, SSN, EMAIL, SALARY, DESIGNATION, ZONEID) VALUES
(106, '675-18-1093', 'Reilly.Coffey@sixflagspark.com', 26000, 'Zone Manager', 6);

INSERT INTO F23_S001_T3_Employee (EMPID, SSN, EMAIL, SALARY, DESIGNATION, ZONEID) VALUES
(107, '112-11-6534', 'Malaki.Rojas@sixflagspark.com', 28000, 'Zone Manager', 7);


--Zone
INSERT INTO F23_S001_T3_Zone (EmpID, ZoneID, Name, Description) VALUES (101, 1, 'Roller Coaster', 'Thrill Ride');
INSERT INTO F23_S001_T3_Zone (EmpID, ZoneID, Name, Description) VALUES (102, 2, 'Ferris Wheel', 'Amusement Ride');
INSERT INTO F23_S001_T3_Zone (EmpID, ZoneID, Name, Description) VALUES (103, 3, 'Carousel', 'Classic Ride');
INSERT INTO F23_S001_T3_Zone (EmpID, ZoneID, Name, Description) VALUES (104, 4, 'Water Slide', 'Aquatic Attraction');
INSERT INTO F23_S001_T3_Zone (EmpID, ZoneID, Name, Description) VALUES (105, 5, 'Freefall', 'Adrenaline Drop');
INSERT INTO F23_S001_T3_Zone (EmpID, ZoneID, Name, Description) VALUES (106, 6, 'Gyro Tower', 'Rotating Observation');
INSERT INTO F23_S001_T3_Zone (EmpID, ZoneID, Name, Description) VALUES (107, 7, 'Kamikaze', 'Thrilling Swings');

commit;